Workbook
Name Cluster_List: [1]Lookups!$B$4:$B$18
Name Cluster_List: [1]Lookups!$B$4:$B$18
Name Cluster_List: [1]Lookups!$B$4:$B$18
Name Cluster_List: [1]Lookups!$B$4:$B$18
Name Cluster_List: Lookups!$B$4:$B$18
Name Evaluator_Role_List: [1]Lookups!$C$4:$C$12
Name Evaluator_Role_List: [1]Lookups!$C$4:$C$12
Name Evaluator_Role_List: [1]Lookups!$C$4:$C$12
Name Evaluator_Role_List: [1]Lookups!$C$4:$C$12
Name Evaluator_Role_List: Lookups!$C$4:$C$12
Name High_Risk_Activity_List: [1]Lookups!$D$4:$D$19
Name High_Risk_Activity_List: [1]Lookups!$D$4:$D$19
Name High_Risk_Activity_List: [1]Lookups!$D$4:$D$19
Name High_Risk_Activity_List: [1]Lookups!$D$4:$D$19
Name High_Risk_Activity_List: Lookups!$D$4:$D$19
Name KPI_List: [1]Lookups!$H$4:$H$18
Name KPI_List: [1]Lookups!$H$4:$H$18
Name KPI_List: [1]Lookups!$H$4:$H$18
Name KPI_List: [1]Lookups!$H$4:$H$18
Name KPI_List: Lookups!$H$4:$H$18
Name Package_List: [1]Lookups!$A$4:$A$6
Name Package_List: [1]Lookups!$A$4:$A$6
Name Package_List: [1]Lookups!$A$4:$A$6
Name Package_List: [1]Lookups!$A$4:$A$6
Name Package_List: Lookups!$A$4:$A$6
Name Root_Cause_List: [1]Lookups!$F$4:$F$14
Name Root_Cause_List: [1]Lookups!$F$4:$F$14
Name Root_Cause_List: [1]Lookups!$F$4:$F$14
Name Root_Cause_List: [1]Lookups!$F$4:$F$14
Name Root_Cause_List: Lookups!$F$4:$F$14
Name Score_List: Lookups!$I$2:$I$7
Name Status_List: Lookups!$G$4:$G$7
Name Yes_No_List: [1]Lookups!$E$4:$E$5
Name Yes_No_List: [1]Lookups!$E$4:$E$5
Name Yes_No_List: [1]Lookups!$E$4:$E$5
Name Yes_No_List: [1]Lookups!$E$4:$E$5
Name Yes_No_List: Lookups!$E$4:$E$5

Sheet Cluster_Master
A1: Cluster Master Register
A2: Reference data used for package/cluster selection and automatic population of contractor and leadership accountability details.
A3: Package | B3: Cluster | C3: Contractor | D3: Project Director (PD) | E3: Project Manager (PM) | F3: Construction Manager (CM) | G3: HSE Manager (HSEM) | H3: Section Engineer (SE)
A4: 2 | B4: Cluster 7A | C4: TAJV | D4: Hicham Adel Narch | E4: Ghaidh Alfaour | F4: George Deeb | G4: Timur | H4: Liqat
A5: 2 | B5: Cluster 7B | C5: TAJV | D5: Hicham Adel Narch | E5: Ghaidh Alfaour | F5: George Deeb | G5: Timur | H5: Eyad
A6: 2 | B6: Cluster 8A | C6: TAJV | D6: Hicham Adel Narch | E6: Ghaidh Alfaour | F6: Mohamed Salama | G6: Timur | H6: Ahmad Adel
A7: 2 | B7: Cluster 8B | C7: TAJV | D7: Hicham Adel Narch | E7: Ghaidh Alfaour | F7: Mohamed Salama | G7: Timur | H7: Ahmad Adel
A8: 2 | B8: Cluster 8C | C8: TAJV | D8: Hicham Adel Narch | E8: Ghaidh Alfaour | F8: George Deeb | G8: Timur | H8: Ahmad Adel
A9: 2 | B9: Cluster 8D | C9: TAJV | D9: Hicham Adel Narch | E9: Ghaidh Alfaour | F9: George Deeb | G9: Timur | H9: Ahmad Adel
A10: 3 | B10: Cluster 3 | C10: INNOVO | D10: Kahtan Tikriti | E10: Aiman Abdullah | F10: Salama Al Samdy | G10: Mazen Al Atwani
A11: 3 | B11: Cluster 4 | C11: INNOVO | D11: Kahtan Tikriti | E11: Aiman Abdullah | F11: Baha Basheer | G11: Mazen Al Atwani
A12: 3 | B12: Cluster 5 | C12: INNOVO | D12: Kahtan Tikriti | E12: Michael Ghali | F12: Robair Louies | G12: Mazen Al Atwani
A13: 3 | B13: Cluster 6 | C13: INNOVO | D13: Kahtan Tikriti | E13: Michael Ghali | F13: Remon Karas | G13: Mazen Al Atwani
A14: 4 | B14: Cluster 1A | C14: TAJV | D14: Hicham Adel Narch | E14: Ghaidh Alfaour | F14: Alaa Hegab | G14: Timur Terakopov | H14: Amr Taha
A15: 4 | B15: Cluster 1B | C15: TAJV | D15: Hicham Adel Narch | E15: Ghaidh Alfaour | F15: Hossam Ali Maher | G15: Timur Terakopov | H15: Md Ramadan / Osama Said
A16: 4 | B16: Cluster 2A | C16: TAJV | D16: Hicham Adel Narch | E16: Ghaidh Alfaour | F16: Ahmed Salah Hassan Dewidar | G16: Timur Terakopov | H16: Rami Issa
A17: 4 | B17: Cluster 2B | C17: TAJV | D17: Hicham Adel Narch | E17: Ghaidh Alfaour | F17: Ahmed Salah Hassan Dewidar | G17: Timur Terakopov | H17: Rami Issa
A18: 4 | B18: Cluster 2C | C18: TAJV | D18: Hicham Adel Narch | E18: Ghaidh Alfaour | F18: Ahmed Salah Hassan Dewidar | G18: Timur Terakopov | H18: Salah Nayef

Sheet Lookups
A1: Lookup Lists | I1: Score_List
A2: Lists used for dropdowns in the Weekly_Inspections and CAPA_Tracker sheets. | I2: 0
A3: Package_List | B3: Cluster_List | C3: Evaluator_Role_List | D3: High_Risk_Activity_List | E3: Yes_No_List | F3: Root_Cause_List | G3: Status_List | H3: KPI_List | I3: 1
A4: 2 | B4: Cluster 7A | C4: Project Director | D4: Work at Height | E4: YES | F4: Leadership failure | G4: Open | H4: Work at Height Control | I4: 2
A5: 3 | B5: Cluster 7B | C5: Project Manager | D5: Edge Protection | E5: NO | F5: Poor supervision | G5: In Progress | H5: Edge Protection | I5: 3
A6: 4 | B6: Cluster 8A | C6: Construction Manager | D6: Falling Objects | F6: Poor planning | G6: Closed | H6: Falling Object Prevention | I6: 4
B7: Cluster 8B | C7: HSE Manager | D7: Excavation | F7: PTW failure | G7: On Hold | H7: Excavation Safety | I7: 5
B8: Cluster 8C | C8: Section Engineer | D8: Scaffolding | F8: Weak MSRA | H8: Scaffolding Compliance
B9: Cluster 8D | C9: QA/QC | D9: Permit to Work | F9: Poor subcontractor control | H9: PTW Implementation
B10: Cluster 3 | C10: KEO | D10: MSRA / Risk Assessment | F10: Resource constraint | H10: PTW Field Verification
B11: Cluster 4 | C11: Client | D11: Lifting Operations | F11: Inadequate competence | H11: MSRA Quality
B12: Cluster 5 | C12: Other | D12: Traffic Management | F12: Poor housekeeping culture | H12: Lifting Operations
B13: Cluster 6 | D13: Housekeeping | F13: Interface / simultaneous activity conflict | H13: Traffic & Man-Machine Interface
B14: Cluster 1A | D14: Waste Management | F14: Other | H14: Housekeeping Standard
B15: Cluster 1B | D15: Fire Readiness | H15: Waste Management
B16: Cluster 2A | D16: Electrical Safety | H16: Fire Readiness
B17: Cluster 2B | D17: Portable Power Tools | H17: Supervision & Subcontractor Control
B18: Cluster 2C | D18: Heat Stress | H18: Temporary Electrical & Tool Safety
D19: Other

Sheet KPI_Weights
A1: KPI Weights and Gate Rules
A2: Weights sum to 100%. Critical gate KPIs trigger a red flag if scored 0 or 1 in any inspection.
A3: KPI | B3: Weight | C3: Critical Gate KPI? | D3: Notes
A4: Work at Height Control | B4: 0.12 | C4: YES | D4: Primary fall prevention and work at height control
A5: Edge Protection | B5: 0.12 | C5: NO | D5: Continuity and quality of edge protection
A6: Falling Object Prevention | B6: 0.05 | C6: NO | D6: Exclusion zones, toe boards, debris/tool control
A7: Excavation Safety | B7: 0.08 | C7: YES | D7: Barricading, access, services, support, spoil setback
A8: Scaffolding Compliance | B8: 0.1 | C8: YES | D8: Tagging, inspection, full planking, access, stability
A9: PTW Implementation | B9: 0.08 | C9: YES | D9: Valid PTW, correct scope, signatories, controls
A10: PTW Field Verification | B10: 0.06 | C10: NO | D10: Physical field verification before permit approval
A11: MSRA Quality | B11: 0.03 | C11: NO | D11: Task-specific risk assessment and understanding
A12: Lifting/Precast Installation | B12: 0.1 | C12: YES | D12: Lift plan, appointed person, exclusion, rigging
A13: Traffic & Man-Machine Interface | B13: 0.06 | C13: NO | D13: Pedestrian segregation, routes, signage, reversing
A14: Housekeeping/Waste Management | B14: 0.03 | C14: NO | D14: Cleanliness, stacking, access routes, slip/trip control
A15: Welfare Arrangement | B15: 0.03 | C15: NO | D15: Segregation, storage, transfer/disposal control
... A18: Temporary Electrical & Tool Safety | B18: 0.06 | C18: NO | D18: Temporary power, RCD, condition of tools/cables
A20: Total | B20: =SUM(B4:B18) -> 1

Sheet Weekly_Inspections
A1: Weekly Inspection Entry Sheet - Google Form Ready
A2: Complete only visible fields. Use the 0-5 dropdown for each KPI. Package and Cluster auto-fill contractor leadership and the dashboard updates automatically.
A3: Inspection_ID | B3: Inspection_Date | C3: Week_No | D3: Month | E3: Package | F3: Cluster | G3: Package_Cluster_Check | H3: Contractor | I3: Project Director (PD) | J3: Project Manager (PM) | K3: Construction Manager (CM) | L3: HSE Manager (HSEM) | M3: Section Engineer (SE) | N3: Your_Name | O3: Your_Role | P3: Area_or_Villa | Q3: Workers_Observed | R3: Main_High_Risk_Activity | S3: Stop_Work | T3: Work_at_Height | U3: Edge_Protection | V3: Falling_Object_Prevention | W3: Excavation_Safety | X3: Scaffolding_Compliance | Y3: PTW_Implementation | Z3: PTW_Field_Verification | AA3: MSRA_Quality | AB3: Lifting/Precast Installation | AC3: Traffic_Interface | AD3: Housekeeping/Waste Management | AE3: Welfare Arrangement | AF3: Fire_Readiness | AG3: Supervision_Subcontractor | AH3: Electrical_Tool_Safety | AI3: Total_Score | AJ3: Raw_Score_% | AK3: Weighted_Score_% | AL3: Critical_Red_Flag | AM3: Award_Eligible | AN3: Rating_Band | AO3: Repeat_Issue_Seen | AP3: Likely_Root_Cause | AQ3: Top_3_Gaps_Observed | AR3: Immediate_Action_Taken | AS3: Preventive_Action_Required | AT3: Positive_Observations | AU3: Action_Owner | AV3: Target_Closeout_Date | AW3: Evidence_Link_or_Photo | AX3: KPI_for_PD_Attention | AY3: KPI_for_PM_Attention | AZ3: KPI_for_CM_Attention | BA3: KPI_for_HSEM_Followup | BB3: KPI_for_SE_Supervision | BC3: Leadership_Visible_Effective | BD3: Unsafe_Work_Corrected_Immediately | BE3: Best_Improved_Cluster_this_Week | BF3: Cluster_Needing_Immediate_Intervention
A4: =IF($B4="","",TEXT($B4,"yyyymmdd")&"-"&SUBSTITUTE($F4," ","")&"-"&TEXT(COUNTIF($F$4:F4,$F4),"00")) -> 20260326-Cluster2A-01 | B4: 46107 | C4: =IF($B4="","",WEEKNUM($B4,2)) -> 13 | D4: =IF($B4="","",TEXT($B4,"yyyy-mm")) -> 2026-03 | E4: 4 | F4: Cluster 2A | G4: =IF(OR($E4="",$F4=""),"",IFERROR(IF($E4=INDEX(Cluster_Master!$A$4:$A$18,MATCH($F4,Cluster_Master!$B$4:$B$18,0)),"OK","CHECK"),"CHECK")) -> OK | H4: =IFERROR(INDEX(Cluster_Master!$C$4:$C$18,MATCH($F4,Cluster_Master!$B$4:$B$18,0)),"") -> TAJV | I4: =IFERROR(INDEX(Cluster_Master!$D$4:$D$18,MATCH($F4,Cluster_Master!$B$4:$B$18,0)),"") -> Hicham Adel Narch | J4: =IFERROR(INDEX(Cluster_Master!$E$4:$E$18,MATCH($F4,Cluster_Master!$B$4:$B$18,0)),"") -> Ghaidh Alfaour | K4: =IFERROR(INDEX(Cluster_Master!$F$4:$F$18,MATCH($F4,Cluster_Master!$B$4:$B$18,0)),"") -> Ahmed Salah Hassan Dewidar | L4: =IFERROR(INDEX(Cluster_Master!$G$4:$G$18,MATCH($F4,Cluster_Master!$B$4:$B$18,0)),"") -> Timur Terakopov | M4: =IFERROR(INDEX(Cluster_Master!$H$4:$H$18,MATCH($F4,Cluster_Master!$B$4:$B$18,0)),"") -> Rami Issa | N4: Godwin | O4: KEO | P4: Villa 8 to 16 | R4: Work at Height | S4: YES | T4: 2 | U4: 2 | V4: 3 | W4: 3 | X4: 2 | Y4: 3 | Z4: 1 | AA4: 3 | AC4: 3 | AD4: 1 | AE4: 1 | AF4: 2 | AG4: 1 | AH4: 2 | AI4: =IF(COUNTA(T4:AH4)=0,"",SUM(T4:AH4)) -> 29 | AJ4: =IF(COUNTA(T4:AH4)=0,"",AI4/75) -> 0.38666667 | AK4: =IF(COUNTA(T4:AH4)=0,"",(SUM(T4*KPI_Weights!$B$4,U4*KPI_Weights!$B$5,V4*KPI_Weights!$B$6,W4*KPI_Weights!$B$7,X4*KPI_Weights!$B$8,Y4*KPI_Weights!$B$9,Z4*KPI_Weights!$B$10,AA4*KPI_Weights!$B$11,AB4*KPI_Weights!$B$12,AC4*KPI_Weights!$B$13,AD4*KPI_Weights!$B$14,AE4*KPI_Weights!$B$15,AF4*KPI_Weights!$B$16,AG4*KPI_Weights!$B$17,AH4*KPI_Weights!$B$18))/5) -> 0.39 | AL4: =IF(COUNTA(T4:AH4)=0,"",IF(OR(T4<=1,W4<=1,X4<=1,Y4<=1,AB4<=1),"YES","NO")) -> YES | AM4: =IF(AJ4="","",IF(AND(AL4="NO",AJ4>=0.75),"YES","NO")) -> NO | AN4: =IF(AJ4="","",IF(AJ4<0.4,"Critical",IF(AJ4<0.6,"Poor",IF(AJ4<0.75,"Needs Improvement",IF(AJ4<0.9,"Good","Excellent"))))) -> Critical | AO4: YES | AP4: Leadership failure | AQ4: 1. Leadership failure 2. Poor supervision 3. Poor sub-contractor control 4. PTW failure | AR4: Unsafe work practices were suspended immediately. The CM of the cluster was called but he refused to visit the location. | AS4: 1. PTW must be controlled by the main contractor. 2. Close supervision of sub-contractors by main contractor shall be ensured. 3. Non-performing subcontractors shall not be paid and shall be removed from project. 4. Non-performing construction team shall be replaced without delays | AU4: 1-3rd recommendation by the cluster CM 4th recommendation by the PD. | AV4: 46114
A5: =IF($B5="","",TEXT($B5,"yyyymmdd")&"-"&SUBSTITUTE($F5," ","")&"-"&TEXT(COUNTIF($F$4:F5,$F5),"00")) -> 20260326-Cluster8A-01 | B5: 46107 | C5: =IF($B5="","",WEEKNUM($B5,2)) -> 13 | D5: =IF($B5="","",TEXT($B5,"yyyy-mm")) -> 2026-03 | E5: 2 | F5: Cluster 8A | G5: =IF(OR($E5="",$F5=""),"",IFERROR(IF($E5=INDEX(Cluster_Master!$A$4:$A$18,MATCH($F5,Cluster_Master!$B$4:$B$18,0)),"OK","CHECK"),"CHECK")) -> OK | H5: =IFERROR(INDEX(Cluster_Master!$C$4:$C$18,MATCH($F5,Cluster_Master!$B$4:$B$18,0)),"") -> TAJV | I5: =IFERROR(INDEX(Cluster_Master!$D$4:$D$18,MATCH($F5,Cluster_Master!$B$4:$B$18,0)),"") -> Hicham Adel Narch | J5: =IFERROR(INDEX(Cluster_Master!$E$4:$E$18,MATCH($F5,Cluster_Master!$B$4:$B$18,0)),"") -> Ghaidh Alfaour | K5: =IFERROR(INDEX(Cluster_Master!$F$4:$F$18,MATCH($F5,Cluster_Master!$B$4:$B$18,0)),"") -> Mohamed Salama | L5: =IFERROR(INDEX(Cluster_Master!$G$4:$G$18,MATCH($F5,Cluster_Master!$B$4:$B$18,0)),"") -> Timur | M5: =IFERROR(INDEX(Cluster_Master!$H$4:$H$18,MATCH($F5,Cluster_Master!$B$4:$B$18,0)),"") -> Ahmad Adel | N5: Godwin | O5: KEO | P5: General | R5: Scaffolding | S5: NO | T5: 4 | U5: 4 | V5: 4 | W5: 4 | X5: 4 | Y5: 4 | Z5: 4 | AA5: 4 | AB5: 4 | AC5: 4 | AD5: 4 | AE5: 3 | AF5: 4 | AG5: 4 | AH5: 4 | AI5: =IF(COUNTA(T5:AH5)=0,"",SUM(T5:AH5)) -> 59 | AJ5: =IF(COUNTA(T5:AH5)=0,"",AI5/75) -> 0.78666667 | AK5: =IF(COUNTA(T5:AH5)=0,"",(SUM(T5*KPI_Weights!$B$4,U5*KPI_Weights!$B$5,V5*KPI_Weights!$B$6,W5*KPI_Weights!$B$7,X5*KPI_Weights!$B$8,Y5*KPI_Weights!$B$9,Z5*KPI_Weights!$B$10,AA5*KPI_Weights!$B$11,AB5*KPI_Weights!$B$12,AC5*KPI_Weights!$B$13,AD5*KPI_Weights!$B$14,AE5*KPI_Weights!$B$15,AF5*KPI_Weights!$B$16,AG5*KPI_Weights!$B$17,AH5*KPI_Weights!$B$18))/5) -> 0.794 | AL5: =IF(COUNTA(T5:AH5)=0,"",IF(OR(T5<=1,W5<=1,X5<=1,Y5<=1,AB5<=1),"YES","NO")) -> NO | AM5: =IF(AJ5="","",IF(AND(AL5="NO",AJ5>=0.75),"YES","NO")) -> YES | AN5: =IF(AJ5="","",IF(AJ5<0.4,"Critical",IF(AJ5<0.6,"Poor",IF(AJ5<0.75,"Needs Improvement",IF(AJ5<0.9,"Good","Excellent"))))) -> Good | AO5: NO | AP5: Other | AQ5: No significant gap observed | AR5: The team was commended for their visible leadership in driving transformation at Cluster 8A. | AS5: The Construction Manager and his team were advised to ensure that sub-contractors do not mess up with their site. The following advise was given: 1. No payment for work if site condition is below the acceptable standard. 2. Close supervision of sub-contractors by the construction team of the main contractor. 3. Housekeeping shall be maintined for all shift. 4. Provide a temporary storage area for waste for each villa. 5. PTW shall remain under the control of the main contractor. | AU5: Construction Manager of Cluster 8A HSE Manager of TAJV | AV5: Always
A6: =IF($B6="","",TEXT($B6,"yyyymmdd")&"-"&SUBSTITUTE($F6," ","")&"-"&TEXT(COUNTIF($F$4:F6,$F6),"00")) -> 20260330-Cluster4-01 | B6: 46111 | C6: =IF($B6="","",WEEKNUM($B6,2)) -> 14 | D6: =IF($B6="","",TEXT($B6,"yyyy-mm")) -> 2026-03 | E6: 3 | F6: Cluster 4 | G6: =IF(OR($E6="",$F6=""),"",IFERROR(IF($E6=INDEX(Cluster_Master!$A$4:$A$18,MATCH($F6,Cluster_Master!$B$4:$B$18,0)),"OK","CHECK"),"CHECK")) -> OK | H6: =IFERROR(INDEX(Cluster_Master!$C$4:$C$18,MATCH($F6,Cluster_Master!$B$4:$B$18,0)),"") -> INNOVO | I6: =IFERROR(INDEX(Cluster_Master!$D$4:$D$18,MATCH($F6,Cluster_Master!$B$4:$B$18,0)),"") -> Kahtan Tikriti | J6: =IFERROR(INDEX(Cluster_Master!$E$4:$E$18,MATCH($F6,Cluster_Master!$B$4:$B$18,0)),"") -> Aiman Abdullah | K6: =IFERROR(INDEX(Cluster_Master!$F$4:$F$18,MATCH($F6,Cluster_Master!$B$4:$B$18,0)),"") -> Baha Basheer | L6: =IFERROR(INDEX(Cluster_Master!$G$4:$G$18,MATCH($F6,Cluster_Master!$B$4:$B$18,0)),"") -> Mazen Al Atwani | M6: =IFERROR(INDEX(Cluster_Master!$H$4:$H$18,MATCH($F6,Cluster_Master!$B$4:$B$18,0)),"") -> 0 | N6: Shinoj | O6: KEO | P6: Villa 8 to 16 | Q6: Block work | R6: Edge Protection | S6: NO | T6: 3 | U6: 2 | V6: 3 | W6: 3 | X6: 2 | Y6: 4 | Z6: 3 | AA6: 5 | AB6: 1 | AC6: 2 | AD6: 4 | AE6: 2 | AF6: 3 | AG6: 1 | AH6: 3 | AI6: =IF(COUNTA(T6:AH6)=0,"",SUM(T6:AH6)) -> 41 | AJ6: =IF(COUNTA(T6:AH6)=0,"",AI6/75) -> 0.54666667 | AK6: =IF(COUNTA(T6:AH6)=0,"",(SUM(T6*KPI_Weights!$B$4,U6*KPI_Weights!$B$5,V6*KPI_Weights!$B$6,W6*KPI_Weights!$B$7,X6*KPI_Weights!$B$8,Y6*KPI_Weights!$B$9,Z6*KPI_Weights!$B$10,AA6*KPI_Weights!$B$11,AB6*KPI_Weights!$B$12,AC6*KPI_Weights!$B$13,AD6*KPI_Weights!$B$14,AE6*KPI_Weights!$B$15,AF6*KPI_Weights!$B$16,AG6*KPI_Weights!$B$17,AH6*KPI_Weights!$B$18))/5) -> 0.52 | AL6: =IF(COUNTA(T6:AH6)=0,"",IF(OR(T6<=1,W6<=1,X6<=1,Y6<=1,AB6<=1),"YES","NO")) -> YES | AM6: =IF(AJ6="","",IF(AND(AL6="NO",AJ6>=0.75),"YES","NO")) -> NO | AN6: =IF(AJ6="","",IF(AJ6<0.4,"Critical",IF(AJ6<0.6,"Poor",IF(AJ6<0.75,"Needs Improvement",IF(AJ6<0.9,"Good","Excellent"))))) -> Poor | AO6: NO | AP6: Poor supervision | AR6: sretybhy | AS6: hfidjdgkjdfkdfgb | AV6: 46112
A7: =IF($B7="","",TEXT($B7,"yyyymmdd")&"-"&SUBSTITUTE($F7," ","")&"-"&TEXT(COUNTIF($F$4:F7,$F7),"00")) -> 20260331-Cluster1A-01 | B7: 46112 | C7: =IF($B7="","",WEEKNUM($B7,2)) -> 14 | D7: =IF($B7="","",TEXT($B7,"yyyy-mm")) -> 2026-03 | E7: 3 | F7: Cluster 1A | G7: =IF(OR($E7="",$F7=""),"",IFERROR(IF($E7=INDEX(Cluster_Master!$A$4:$A$18,MATCH($F7,Cluster_Master!$B$4:$B$18,0)),"OK","CHECK"),"CHECK")) -> CHECK | H7: =IFERROR(INDEX(Cluster_Master!$C$4:$C$18,MATCH($F7,Cluster_Master!$B$4:$B$18,0)),"") -> TAJV | I7: =IFERROR(INDEX(Cluster_Master!$D$4:$D$18,MATCH($F7,Cluster_Master!$B$4:$B$18,0)),"") -> Hicham Adel Narch | J7: =IFERROR(INDEX(Cluster_Master!$E$4:$E$18,MATCH($F7,Cluster_Master!$B$4:$B$18,0)),"") -> Ghaidh Alfaour | K7: =IFERROR(INDEX(Cluster_Master!$F$4:$F$18,MATCH($F7,Cluster_Master!$B$4:$B$18,0)),"") -> Alaa Hegab | L7: =IFERROR(INDEX(Cluster_Master!$G$4:$G$18,MATCH($F7,Cluster_Master!$B$4:$B$18,0)),"") -> Timur Terakopov | M7: =IFERROR(INDEX(Cluster_Master!$H$4:$H$18,MATCH($F7,Cluster_Master!$B$4:$B$18,0)),"") -> Amr Taha | N7: Javed | O7: KEO | P7: Villa 8 to 16 | Q7: Block work | R7: Edge Protection | S7: NO | T7: 3 | U7: 2 | V7: 3 | W7: 3 | X7: 2 | Y7: 4 | Z7: 3 | AA7: 5 | AB7: 1 | AC7: 2 | AD7: 4 | AE7: 2 | AF7: 3 | AG7: 1 | AH7: 3 | AI7: =IF(COUNTA(T7:AH7)=0,"",SUM(T7:AH7)) -> 41 | AJ7: =IF(COUNTA(T7:AH7)=0,"",AI7/75) -> 0.54666667 | AK7: =IF(COUNTA(T7:AH7)=0,"",(SUM(T7*KPI_Weights!$B$4,U7*KPI_Weights!$B$5,V7*KPI_Weights!$B$6,W7*KPI_Weights!$B$7,X7*KPI_Weights!$B$8,Y7*KPI_Weights!$B$9,Z7*KPI_Weights!$B$10,AA7*KPI_Weights!$B$11,AB7*KPI_Weights!$B$12,AC7*KPI_Weights!$B$13,AD7*KPI_Weights!$B$14,AE7*KPI_Weights!$B$15,AF7*KPI_Weights!$B$16,AG7*KPI_Weights!$B$17,AH7*KPI_Weights!$B$18))/5) -> 0.52 | AL7: =IF(COUNTA(T7:AH7)=0,"",IF(OR(T7<=1,W7<=1,X7<=1,Y7<=1,AB7<=1),"YES","NO")) -> YES | AM7: =IF(AJ7="","",IF(AND(AL7="NO",AJ7>=0.75),"YES","NO")) -> NO | AN7: =IF(AJ7="","",IF(AJ7<0.4,"Critical",IF(AJ7<0.6,"Poor",IF(AJ7<0.75,"Needs Improvement",IF(AJ7<0.9,"Good","Excellent"))))) -> Poor | AO7: NO | AP7: Poor supervision | AR7: sretybhy | AS7: hfidjdgkjdfkdfgb | AV7: 46112
A8: =IF($B8="","",TEXT($B8,"yyyymmdd")&"-"&SUBSTITUTE($F8," ","")&"-"&TEXT(COUNTIF($F$4:F8,$F8),"00")) -> 20260331-Cluster1B-01 | B8: 46112 | C8: =IF($B8="","",WEEKNUM($B8,2)) -> 14 | D8: =IF($B8="","",TEXT($B8,"yyyy-mm")) -> 2026-03 | E8: 3 | F8: Cluster 1B | G8: =IF(OR($E8="",$F8=""),"",IFERROR(IF($E8=INDEX(Cluster_Master!$A$4:$A$18,MATCH($F8,Cluster_Master!$B$4:$B$18,0)),"OK","CHECK"),"CHECK")) -> CHECK | H8: =IFERROR(INDEX(Cluster_Master!$C$4:$C$18,MATCH($F8,Cluster_Master!$B$4:$B$18,0)),"") -> TAJV | I8: =IFERROR(INDEX(Cluster_Master!$D$4:$D$18,MATCH($F8,Cluster_Master!$B$4:$B$18,0)),"") -> Hicham Adel Narch | J8: =IFERROR(INDEX(Cluster_Master!$E$4:$E$18,MATCH($F8,Cluster_Master!$B$4:$B$18,0)),"") -> Ghaidh Alfaour | K8: =IFERROR(INDEX(Cluster_Master!$F$4:$F$18,MATCH($F8,Cluster_Master!$B$4:$B$18,0)),"") -> Hossam Ali Maher | L8: =IFERROR(INDEX(Cluster_Master!$G$4:$G$18,MATCH($F8,Cluster_Master!$B$4:$B$18,0)),"") -> Timur Terakopov | M8: =IFERROR(INDEX(Cluster_Master!$H$4:$H$18,MATCH($F8,Cluster_Master!$B$4:$B$18,0)),"") -> Md Ramadan / Osama Said | N8: Javed | O8: KEO | P8: Villa 8 to 16 | Q8: Block work | R8: Edge Protection | S8: NO | T8: 3 | U8: 2 | V8: 3 | W8: 3 | X8: 2 | Y8: 4 | Z8: 3 | AA8: 5 | AB8: 1 | AC8: 2 | AD8: 4 | AE8: 2 | AF8: 3 | AG8: 1 | AH8: 3 | AI8: =IF(COUNTA(T8:AH8)=0,"",SUM(T8:AH8)) -> 41 | AJ8: =IF(COUNTA(T8:AH8)=0,"",AI8/75) -> 0.54666667 | AK8: =IF(COUNTA(T8:AH8)=0,"",(SUM(T8*KPI_Weights!$B$4,U8*KPI_Weights!$B$5,V8*KPI_Weights!$B$6,W8*KPI_Weights!$B$7,X8*KPI_Weights!$B$8,Y8*KPI_Weights!$B$9,Z8*KPI_Weights!$B$10,AA8*KPI_Weights!$B$11,AB8*KPI_Weights!$B$12,AC8*KPI_Weights!$B$13,AD8*KPI_Weights!$B$14,AE8*KPI_Weights!$B$15,AF8*KPI_Weights!$B$16,AG8*KPI_Weights!$B$17,AH8*KPI_Weights!$B$18))/5) -> 0.52 | AL8: =IF(COUNTA(T8:AH8)=0,"",IF(OR(T8<=1,W8<=1,X8<=1,Y8<=1,AB8<=1),"YES","NO")) -> YES | AM8: =IF(AJ8="","",IF(AND(AL8="NO",AJ8>=0.75),"YES","NO")) -> NO | AN8: =IF(AJ8="","",IF(AJ8<0.4,"Critical",IF(AJ8<0.6,"Poor",IF(AJ8<0.75,"Needs Improvement",IF(AJ8<0.9,"Good","Excellent"))))) -> Poor | AO8: NO | AP8: Poor supervision | AR8: sretybhy | AS8: hfidjdgkjdfkdfgb | AV8: 46112
A9: =IF($B9="","",TEXT($B9,"yyyymmdd")&"-"&SUBSTITUTE($F9," ","")&"-"&TEXT(COUNTIF($F$4:F9,$F9),"00")) -> 20260331-Cluster6-01 | B9: 46112 | C9: =IF($B9="","",WEEKNUM($B9,2)) -> 14 | D9: =IF($B9="","",TEXT($B9,"yyyy-mm")) -> 2026-03 | E9: 3 | F9: Cluster 6 | G9: =IF(OR($E9="",$F9=""),"",IFERROR(IF($E9=INDEX(Cluster_Master!$A$4:$A$18,MATCH($F9,Cluster_Master!$B$4:$B$18,0)),"OK","CHECK"),"CHECK")) -> OK | H9: =IFERROR(INDEX(Cluster_Master!$C$4:$C$18,MATCH($F9,Cluster_Master!$B$4:$B$18,0)),"") -> INNOVO | I9: =IFERROR(INDEX(Cluster_Master!$D$4:$D$18,MATCH($F9,Cluster_Master!$B$4:$B$18,0)),"") -> Kahtan Tikriti | J9: =IFERROR(INDEX(Cluster_Master!$E$4:$E$18,MATCH($F9,Cluster_Master!$B$4:$B$18,0)),"") -> Michael Ghali | K9: =IFERROR(INDEX(Cluster_Master!$F$4:$F$18,MATCH($F9,Cluster_Master!$B$4:$B$18,0)),"") -> Remon Karas | L9: =IFERROR(INDEX(Cluster_Master!$G$4:$G$18,MATCH($F9,Cluster_Master!$B$4:$B$18,0)),"") -> Mazen Al Atwani | M9: =IFERROR(INDEX(Cluster_Master!$H$4:$H$18,MATCH($F9,Cluster_Master!$B$4:$B$18,0)),"") -> 0 | N9: Javed | O9: KEO | P9: Villa 8 to 16 | Q9: Block work | R9: Edge Protection | S9: NO | T9: 3 | U9: 2 | V9: 3 | W9: 3 | X9: 2 | Y9: 4 | Z9: 3 | AA9: 5 | AB9: 1 | AC9: 2 | AD9: 4 | AE9: 2 | AF9: 3 | AG9: 1 | AH9: 3 | AI9: =IF(COUNTA(T9:AH9)=0,"",SUM(T9:AH9)) -> 41 | AJ9: =IF(COUNTA(T9:AH9)=0,"",AI9/75) -> 0.54666667 | AK9: =IF(COUNTA(T9:AH9)=0,"",(SUM(T9*KPI_Weights!$B$4,U9*KPI_Weights!$B$5,V9*KPI_Weights!$B$6,W9*KPI_Weights!$B$7,X9*KPI_Weights!$B$8,Y9*KPI_Weights!$B$9,Z9*KPI_Weights!$B$10,AA9*KPI_Weights!$B$11,AB9*KPI_Weights!$B$12,AC9*KPI_Weights!$B$13,AD9*KPI_Weights!$B$14,AE9*KPI_Weights!$B$15,AF9*KPI_Weights!$B$16,AG9*KPI_Weights!$B$17,AH9*KPI_Weights!$B$18))/5) -> 0.52 | AL9: =IF(COUNTA(T9:AH9)=0,"",IF(OR(T9<=1,W9<=1,X9<=1,Y9<=1,AB9<=1),"YES","NO")) -> YES | AM9: =IF(AJ9="","",IF(AND(AL9="NO",AJ9>=0.75),"YES","NO")) -> NO | AN9: =IF(AJ9="","",IF(AJ9<0.4,"Critical",IF(AJ9<0.6,"Poor",IF(AJ9<0.75,"Needs Improvement",IF(AJ9<0.9,"Good","Excellent"))))) -> Poor | AO9: NO | AP9: Poor supervision | AR9: sretybhy | AS9: hfidjdgkjdfkdfgb | AV9: 46112
A10: =IF($B10="","",TEXT($B10,"yyyymmdd")&"-"&SUBSTITUTE($F10," ","")&"-"&TEXT(COUNTIF($F$4:F10,$F10),"00")) | C10: =IF($B10="","",WEEKNUM($B10,2)) | D10: =IF($B10="","",TEXT($B10,"yyyy-mm")) | G10: =IF(OR($E10="",$F10=""),"",IFERROR(IF($E10=INDEX(Cluster_Master!$A$4:$A$18,MATCH($F10,Cluster_Master!$B$4:$B$18,0)),"OK","CHECK"),"CHECK")) | H10: =IFERROR(INDEX(Cluster_Master!$C$4:$C$18,MATCH($F10,Cluster_Master!$B$4:$B$18,0)),"") | I10: =IFERROR(INDEX(Cluster_Master!$D$4:$D$18,MATCH($F10,Cluster_Master!$B$4:$B$18,0)),"") | J10: =IFERROR(INDEX(Cluster_Master!$E$4:$E$18,MATCH($F10,Cluster_Master!$B$4:$B$18,0)),"") | K10: =IFERROR(INDEX(Cluster_Master!$F$4:$F$18,MATCH($F10,Cluster_Master!$B$4:$B$18,0)),"") | L10: =IFERROR(INDEX(Cluster_Master!$G$4:$G$18,MATCH($F10,Cluster_Master!$B$4:$B$18,0)),"") | M10: =IFERROR(INDEX(Cluster_Master!$H$4:$H$18,MATCH($F10,Cluster_Master!$B$4:$B$18,0)),"") | AI10: =IF(COUNTA(T10:AH10)=0,"",SUM(T10:AH10)) | AJ10: =IF(COUNTA(T10:AH10)=0,"",AI10/75) | AK10: =IF(COUNTA(T10:AH10)=0,"",(SUM(T10*KPI_Weights!$B$4,U10*KPI_Weights!$B$5,V10*KPI_Weights!$B$6,W10*KPI_Weights!$B$7,X10*KPI_Weights!$B$8,Y10*KPI_Weights!$B$9,Z10*KPI_Weights!$B$10,AA10*KPI_Weights!$B$11,AB10*KPI_Weights!$B$12,AC10*KPI_Weights!$B$13,AD10*KPI_Weights!$B$14,AE10*KPI_Weights!$B$15,AF10*KPI_Weights!$B$16,AG10*KPI_Weights!$B$17,AH10*KPI_Weights!$B$18))/5) | AL10: =IF(COUNTA(T10:AH10)=0,"",IF(OR(T10<=1,W10<=1,X10<=1,Y10<=1,AB10<=1),"YES","NO")) | AM10: =IF(AJ10="","",IF(AND(AL10="NO",AJ10>=0.75),"YES","NO")) | AN10: =IF(AJ10="","",IF(AJ10<0.4,"Critical",IF(AJ10<0.6,"Poor",IF(AJ10<0.75,"Needs Improvement",IF(AJ10<0.9,"Good","Excellent")))))
A11: =IF($B11="","",TEXT($B11,"yyyymmdd")&"-"&SUBSTITUTE($F11," ","")&"-"&TEXT(COUNTIF($F$4:F11,$F11),"00")) | C11: =IF($B11="","",WEEKNUM($B11,2)) | D11: =IF($B11="","",TEXT($B11,"yyyy-mm")) | G11: =IF(OR($E11="",$F11=""),"",IFERROR(IF($E11=INDEX(Cluster_Master!$A$4:$A$18,MATCH($F11,Cluster_Master!$B$4:$B$18,0)),"OK","CHECK"),"CHECK")) | H11: =IFERROR(INDEX(Cluster_Master!$C$4:$C$18,MATCH($F11,Cluster_Master!$B$4:$B$18,0)),"") | I11: =IFERROR(INDEX(Cluster_Master!$D$4:$D$18,MATCH($F11,Cluster_Master!$B$4:$B$18,0)),"") | J11: =IFERROR(INDEX(Cluster_Master!$E$4:$E$18,MATCH($F11,Cluster_Master!$B$4:$B$18,0)),"") | K11: =IFERROR(INDEX(Cluster_Master!$F$4:$F$18,MATCH($F11,Cluster_Master!$B$4:$B$18,0)),"") | L11: =IFERROR(INDEX(Cluster_Master!$G$4:$G$18,MATCH($F11,Cluster_Master!$B$4:$B$18,0)),"") | M11: =IFERROR(INDEX(Cluster_Master!$H$4:$H$18,MATCH($F11,Cluster_Master!$B$4:$B$18,0)),"") | AI11: =IF(COUNTA(T11:AH11)=0,"",SUM(T11:AH11)) | AJ11: =IF(COUNTA(T11:AH11)=0,"",AI11/75) | AK11: =IF(COUNTA(T11:AH11)=0,"",(SUM(T11*KPI_Weights!$B$4,U11*KPI_Weights!$B$5,V11*KPI_Weights!$B$6,W11*KPI_Weights!$B$7,X11*KPI_Weights!$B$8,Y11*KPI_Weights!$B$9,Z11*KPI_Weights!$B$10,AA11*KPI_Weights!$B$11,AB11*KPI_Weights!$B$12,AC11*KPI_Weights!$B$13,AD11*KPI_Weights!$B$14,AE11*KPI_Weights!$B$15,AF11*KPI_Weights!$B$16,AG11*KPI_Weights!$B$17,AH11*KPI_Weights!$B$18))/5) | AL11: =IF(COUNTA(T11:AH11)=0,"",IF(OR(T11<=1,W11<=1,X11<=1,Y11<=1,AB11<=1),"YES","NO")) | AM11: =IF(AJ11="","",IF(AND(AL11="NO",AJ11>=0.75),"YES","NO")) | AN11: =IF(AJ11="","",IF(AJ11<0.4,"Critical",IF(AJ11<0.6,"Poor",IF(AJ11<0.75,"Needs Improvement",IF(AJ11<0.9,"Good","Excellent")))))
A12: =IF($B12="","",TEXT($B12,"yyyymmdd")&"-"&SUBSTITUTE($F12," ","")&"-"&TEXT(COUNTIF($F$4:F12,$F12),"00")) | C12: =IF($B12="","",WEEKNUM($B12,2)) | D12: =IF($B12="","",TEXT($B12,"yyyy-mm")) | G12: =IF(OR($E12="",$F12=""),"",IFERROR(IF($E12=INDEX(Cluster_Master!$A$4:$A$18,MATCH($F12,Cluster_Master!$B$4:$B$18,0)),"OK","CHECK"),"CHECK")) | H12: =IFERROR(INDEX(Cluster_Master!$C$4:$C$18,MATCH($F12,Cluster_Master!$B$4:$B$18,0)),"") | I12: =IFERROR(INDEX(Cluster_Master!$D$4:$D$18,MATCH($F12,Cluster_Master!$B$4:$B$18,0)),"") | J12: =IFERROR(INDEX(Cluster_Master!$E$4:$E$18,MATCH($F12,Cluster_Master!$B$4:$B$18,0)),"") | K12: =IFERROR(INDEX(Cluster_Master!$F$4:$F$18,MATCH($F12,Cluster_Master!$B$4:$B$18,0)),"") | L12: =IFERROR(INDEX(Cluster_Master!$G$4:$G$18,MATCH($F12,Cluster_Master!$B$4:$B$18,0)),"") | M12: =IFERROR(INDEX(Cluster_Master!$H$4:$H$18,MATCH($F12,Cluster_Master!$B$4:$B$18,0)),"") | AI12: =IF(COUNTA(T12:AH12)=0,"",SUM(T12:AH12)) | AJ12: =IF(COUNTA(T12:AH12)=0,"",AI12/75) | AK12: =IF(COUNTA(T12:AH12)=0,"",(SUM(T12*KPI_Weights!$B$4,U12*KPI_Weights!$B$5,V12*KPI_Weights!$B$6,W12*KPI_Weights!$B$7,X12*KPI_Weights!$B$8,Y12*KPI_Weights!$B$9,Z12*KPI_Weights!$B$10,AA12*KPI_Weights!$B$11,AB12*KPI_Weights!$B$12,AC12*KPI_Weights!$B$13,AD12*KPI_Weights!$B$14,AE12*KPI_Weights!$B$15,AF12*KPI_Weights!$B$16,AG12*KPI_Weights!$B$17,AH12*KPI_Weights!$B$18))/5) | AL12: =IF(COUNTA(T12:AH12)=0,"",IF(OR(T12<=1,W12<=1,X12<=1,Y12<=1,AB12<=1),"YES","NO")) | AM12: =IF(AJ12="","",IF(AND(AL12="NO",AJ12>=0.75),"YES","NO")) | AN12: =IF(AJ12="","",IF(AJ12<0.4,"Critical",IF(AJ12<0.6,"Poor",IF(AJ12<0.75,"Needs Improvement",IF(AJ12<0.9,"Good","Excellent")))))
A13: =IF($B13="","",TEXT($B13,"yyyymmdd")&"-"&SUBSTITUTE($F13," ","")&"-"&TEXT(COUNTIF($F$4:F13,$F13),"00")) | C13: =IF($B13="","",WEEKNUM($B13,2)) | D13: =IF($B13="","",TEXT($B13,"yyyy-mm")) | G13: =IF(OR($E13="",$F13=""),"",IFERROR(IF($E13=INDEX(Cluster_Master!$A$4:$A$18,MATCH($F13,Cluster_Master!$B$4:$B$18,0)),"OK","CHECK"),"CHECK")) | H13: =IFERROR(INDEX(Cluster_Master!$C$4:$C$18,MATCH($F13,Cluster_Master!$B$4:$B$18,0)),"") | I13: =IFERROR(INDEX(Cluster_Master!$D$4:$D$18,MATCH($F13,Cluster_Master!$B$4:$B$18,0)),"") | J13: =IFERROR(INDEX(Cluster_Master!$E$4:$E$18,MATCH($F13,Cluster_Master!$B$4:$B$18,0)),"") | K13: =IFERROR(INDEX(Cluster_Master!$F$4:$F$18,MATCH($F13,Cluster_Master!$B$4:$B$18,0)),"") | L13: =IFERROR(INDEX(Cluster_Master!$G$4:$G$18,MATCH($F13,Cluster_Master!$B$4:$B$18,0)),"") | M13: =IFERROR(INDEX(Cluster_Master!$H$4:$H$18,MATCH($F13,Cluster_Master!$B$4:$B$18,0)),"") | AI13: =IF(COUNTA(T13:AH13)=0,"",SUM(T13:AH13)) | AJ13: =IF(COUNTA(T13:AH13)=0,"",AI13/75) | AK13: =IF(COUNTA(T13:AH13)=0,"",(SUM(T13*KPI_Weights!$B$4,U13*KPI_Weights!$B$5,V13*KPI_Weights!$B$6,W13*KPI_Weights!$B$7,X13*KPI_Weights!$B$8,Y13*KPI_Weights!$B$9,Z13*KPI_Weights!$B$10,AA13*KPI_Weights!$B$11,AB13*KPI_Weights!$B$12,AC13*KPI_Weights!$B$13,AD13*KPI_Weights!$B$14,AE13*KPI_Weights!$B$15,AF13*KPI_Weights!$B$16,AG13*KPI_Weights!$B$17,AH13*KPI_Weights!$B$18))/5) | AL13: =IF(COUNTA(T13:AH13)=0,"",IF(OR(T13<=1,W13<=1,X13<=1,Y13<=1,AB13<=1),"YES","NO")) | AM13: =IF(AJ13="","",IF(AND(AL13="NO",AJ13>=0.75),"YES","NO")) | AN13: =IF(AJ13="","",IF(AJ13<0.4,"Critical",IF(AJ13<0.6,"Poor",IF(AJ13<0.75,"Needs Improvement",IF(AJ13<0.9,"Good","Excellent")))))
A14: =IF($B14="","",TEXT($B14,"yyyymmdd")&"-"&SUBSTITUTE($F14," ","")&"-"&TEXT(COUNTIF($F$4:F14,$F14),"00")) | C14: =IF($B14="","",WEEKNUM($B14,2)) | D14: =IF($B14="","",TEXT($B14,"yyyy-mm")) | G14: =IF(OR($E14="",$F14=""),"",IFERROR(IF($E14=INDEX(Cluster_Master!$A$4:$A$18,MATCH($F14,Cluster_Master!$B$4:$B$18,0)),"OK","CHECK"),"CHECK")) | H14: =IFERROR(INDEX(Cluster_Master!$C$4:$C$18,MATCH($F14,Cluster_Master!$B$4:$B$18,0)),"") | I14: =IFERROR(INDEX(Cluster_Master!$D$4:$D$18,MATCH($F14,Cluster_Master!$B$4:$B$18,0)),"") | J14: =IFERROR(INDEX(Cluster_Master!$E$4:$E$18,MATCH($F14,Cluster_Master!$B$4:$B$18,0)),"") | K14: =IFERROR(INDEX(Cluster_Master!$F$4:$F$18,MATCH($F14,Cluster_Master!$B$4:$B$18,0)),"") | L14: =IFERROR(INDEX(Cluster_Master!$G$4:$G$18,MATCH($F14,Cluster_Master!$B$4:$B$18,0)),"") | M14: =IFERROR(INDEX(Cluster_Master!$H$4:$H$18,MATCH($F14,Cluster_Master!$B$4:$B$18,0)),"") | AI14: =IF(COUNTA(T14:AH14)=0,"",SUM(T14:AH14)) | AJ14: =IF(COUNTA(T14:AH14)=0,"",AI14/75) | AK14: =IF(COUNTA(T14:AH14)=0,"",(SUM(T14*KPI_Weights!$B$4,U14*KPI_Weights!$B$5,V14*KPI_Weights!$B$6,W14*KPI_Weights!$B$7,X14*KPI_Weights!$B$8,Y14*KPI_Weights!$B$9,Z14*KPI_Weights!$B$10,AA14*KPI_Weights!$B$11,AB14*KPI_Weights!$B$12,AC14*KPI_Weights!$B$13,AD14*KPI_Weights!$B$14,AE14*KPI_Weights!$B$15,AF14*KPI_Weights!$B$16,AG14*KPI_Weights!$B$17,AH14*KPI_Weights!$B$18))/5) | AL14: =IF(COUNTA(T14:AH14)=0,"",IF(OR(T14<=1,W14<=1,X14<=1,Y14<=1,AB14<=1),"YES","NO")) | AM14: =IF(AJ14="","",IF(AND(AL14="NO",AJ14>=0.75),"YES","NO")) | AN14: =IF(AJ14="","",IF(AJ14<0.4,"Critical",IF(AJ14<0.6,"Poor",IF(AJ14<0.75,"Needs Improvement",IF(AJ14<0.9,"Good","Excellent")))))
A15: =IF($B15="","",TEXT($B15,"yyyymmdd")&"-"&SUBSTITUTE($F15," ","")&"-"&TEXT(COUNTIF($F$4:F15,$F15),"00")) | C15: =IF($B15="","",WEEKNUM($B15,2)) | D15: =IF($B15="","",TEXT($B15,"yyyy-mm")) | G15: =IF(OR($E15="",$F15=""),"",IFERROR(IF($E15=INDEX(Cluster_Master!$A$4:$A$18,MATCH($F15,Cluster_Master!$B$4:$B$18,0)),"OK","CHECK"),"CHECK")) | H15: =IFERROR(INDEX(Cluster_Master!$C$4:$C$18,MATCH($F15,Cluster_Master!$B$4:$B$18,0)),"") | I15: =IFERROR(INDEX(Cluster_Master!$D$4:$D$18,MATCH($F15,Cluster_Master!$B$4:$B$18,0)),"") | J15: =IFERROR(INDEX(Cluster_Master!$E$4:$E$18,MATCH($F15,Cluster_Master!$B$4:$B$18,0)),"") | K15: =IFERROR(INDEX(Cluster_Master!$F$4:$F$18,MATCH($F15,Cluster_Master!$B$4:$B$18,0)),"") | L15: =IFERROR(INDEX(Cluster_Master!$G$4:$G$18,MATCH($F15,Cluster_Master!$B$4:$B$18,0)),"") | M15: =IFERROR(INDEX(Cluster_Master!$H$4:$H$18,MATCH($F15,Cluster_Master!$B$4:$B$18,0)),"") | AI15: =IF(COUNTA(T15:AH15)=0,"",SUM(T15:AH15)) | AJ15: =IF(COUNTA(T15:AH15)=0,"",AI15/75) | AK15: =IF(COUNTA(T15:AH15)=0,"",(SUM(T15*KPI_Weights!$B$4,U15*KPI_Weights!$B$5,V15*KPI_Weights!$B$6,W15*KPI_Weights!$B$7,X15*KPI_Weights!$B$8,Y15*KPI_Weights!$B$9,Z15*KPI_Weights!$B$10,AA15*KPI_Weights!$B$11,AB15*KPI_Weights!$B$12,AC15*KPI_Weights!$B$13,AD15*KPI_Weights!$B$14,AE15*KPI_Weights!$B$15,AF15*KPI_Weights!$B$16,AG15*KPI_Weights!$B$17,AH15*KPI_Weights!$B$18))/5) | AL15: =IF(COUNTA(T15:AH15)=0,"",IF(OR(T15<=1,W15<=1,X15<=1,Y15<=1,AB15<=1),"YES","NO")) | AM15: =IF(AJ15="","",IF(AND(AL15="NO",AJ15>=0.75),"YES","NO")) | AN15: =IF(AJ15="","",IF(AJ15<0.4,"Critical",IF(AJ15<0.6,"Poor",IF(AJ15<0.75,"Needs Improvement",IF(AJ15<0.9,"Good","Excellent")))))
A16: =IF($B16="","",TEXT($B16,"yyyymmdd")&"-"&SUBSTITUTE($F16," ","")&"-"&TEXT(COUNTIF($F$4:F16,$F16),"00")) | C16: =IF($B16="","",WEEKNUM($B16,2)) | D16: =IF($B16="","",TEXT($B16,"yyyy-mm")) | G16: =IF(OR($E16="",$F16=""),"",IFERROR(IF($E16=INDEX(Cluster_Master!$A$4:$A$18,MATCH($F16,Cluster_Master!$B$4:$B$18,0)),"OK","CHECK"),"CHECK")) | H16: =IFERROR(INDEX(Cluster_Master!$C$4:$C$18,MATCH($F16,Cluster_Master!$B$4:$B$18,0)),"") | I16: =IFERROR(INDEX(Cluster_Master!$D$4:$D$18,MATCH($F16,Cluster_Master!$B$4:$B$18,0)),"") | J16: =IFERROR(INDEX(Cluster_Master!$E$4:$E$18,MATCH($F16,Cluster_Master!$B$4:$B$18,0)),"") | K16: =IFERROR(INDEX(Cluster_Master!$F$4:$F$18,MATCH($F16,Cluster_Master!$B$4:$B$18,0)),"") | L16: =IFERROR(INDEX(Cluster_Master!$G$4:$G$18,MATCH($F16,Cluster_Master!$B$4:$B$18,0)),"") | M16: =IFERROR(INDEX(Cluster_Master!$H$4:$H$18,MATCH($F16,Cluster_Master!$B$4:$B$18,0)),"") | AI16: =IF(COUNTA(T16:AH16)=0,"",SUM(T16:AH16)) | AJ16: =IF(COUNTA(T16:AH16)=0,"",AI16/75) | AK16: =IF(COUNTA(T16:AH16)=0,"",(SUM(T16*KPI_Weights!$B$4,U16*KPI_Weights!$B$5,V16*KPI_Weights!$B$6,W16*KPI_Weights!$B$7,X16*KPI_Weights!$B$8,Y16*KPI_Weights!$B$9,Z16*KPI_Weights!$B$10,AA16*KPI_Weights!$B$11,AB16*KPI_Weights!$B$12,AC16*KPI_Weights!$B$13,AD16*KPI_Weights!$B$14,AE16*KPI_Weights!$B$15,AF16*KPI_Weights!$B$16,AG16*KPI_Weights!$B$17,AH16*KPI_Weights!$B$18))/5) | AL16: =IF(COUNTA(T16:AH16)=0,"",IF(OR(T16<=1,W16<=1,X16<=1,Y16<=1,AB16<=1),"YES","NO")) | AM16: =IF(AJ16="","",IF(AND(AL16="NO",AJ16>=0.75),"YES","NO")) | AN16: =IF(AJ16="","",IF(AJ16<0.4,"Critical",IF(AJ16<0.6,"Poor",IF(AJ16<0.75,"Needs Improvement",IF(AJ16<0.9,"Good","Excellent")))))
A17: =IF($B17="","",TEXT($B17,"yyyymmdd")&"-"&SUBSTITUTE($F17," ","")&"-"&TEXT(COUNTIF($F$4:F17,$F17),"00")) | C17: =IF($B17="","",WEEKNUM($B17,2)) | D17: =IF($B17="","",TEXT($B17,"yyyy-mm")) | G17: =IF(OR($E17="",$F17=""),"",IFERROR(IF($E17=INDEX(Cluster_Master!$A$4:$A$18,MATCH($F17,Cluster_Master!$B$4:$B$18,0)),"OK","CHECK"),"CHECK")) | H17: =IFERROR(INDEX(Cluster_Master!$C$4:$C$18,MATCH($F17,Cluster_Master!$B$4:$B$18,0)),"") | I17: =IFERROR(INDEX(Cluster_Master!$D$4:$D$18,MATCH($F17,Cluster_Master!$B$4:$B$18,0)),"") | J17: =IFERROR(INDEX(Cluster_Master!$E$4:$E$18,MATCH($F17,Cluster_Master!$B$4:$B$18,0)),"") | K17: =IFERROR(INDEX(Cluster_Master!$F$4:$F$18,MATCH($F17,Cluster_Master!$B$4:$B$18,0)),"") | L17: =IFERROR(INDEX(Cluster_Master!$G$4:$G$18,MATCH($F17,Cluster_Master!$B$4:$B$18,0)),"") | M17: =IFERROR(INDEX(Cluster_Master!$H$4:$H$18,MATCH($F17,Cluster_Master!$B$4:$B$18,0)),"") | AI17: =IF(COUNTA(T17:AH17)=0,"",SUM(T17:AH17)) | AJ17: =IF(COUNTA(T17:AH17)=0,"",AI17/75) | AK17: =IF(COUNTA(T17:AH17)=0,"",(SUM(T17*KPI_Weights!$B$4,U17*KPI_Weights!$B$5,V17*KPI_Weights!$B$6,W17*KPI_Weights!$B$7,X17*KPI_Weights!$B$8,Y17*KPI_Weights!$B$9,Z17*KPI_Weights!$B$10,AA17*KPI_Weights!$B$11,AB17*KPI_Weights!$B$12,AC17*KPI_Weights!$B$13,AD17*KPI_Weights!$B$14,AE17*KPI_Weights!$B$15,AF17*KPI_Weights!$B$16,AG17*KPI_Weights!$B$17,AH17*KPI_Weights!$B$18))/5) | AL17: =IF(COUNTA(T17:AH17)=0,"",IF(OR(T17<=1,W17<=1,X17<=1,Y17<=1,AB17<=1),"YES","NO")) | AM17: =IF(AJ17="","",IF(AND(AL17="NO",AJ17>=0.75),"YES","NO")) | AN17: =IF(AJ17="","",IF(AJ17<0.4,"Critical",IF(AJ17<0.6,"Poor",IF(AJ17<0.75,"Needs Improvement",IF(AJ17<0.9,"Good","Excellent")))))
A18: =IF($B18="","",TEXT($B18,"yyyymmdd")&"-"&SUBSTITUTE($F18," ","")&"-"&TEXT(COUNTIF($F$4:F18,$F18),"00")) | C18: =IF($B18="","",WEEKNUM($B18,2)) | D18: =IF($B18="","",TEXT($B18,"yyyy-mm")) | G18: =IF(OR($E18="",$F18=""),"",IFERROR(IF($E18=INDEX(Cluster_Master!$A$4:$A$18,MATCH($F18,Cluster_Master!$B$4:$B$18,0)),"OK","CHECK"),"CHECK")) | H18: =IFERROR(INDEX(Cluster_Master!$C$4:$C$18,MATCH($F18,Cluster_Master!$B$4:$B$18,0)),"") | I18: =IFERROR(INDEX(Cluster_Master!$D$4:$D$18,MATCH($F18,Cluster_Master!$B$4:$B$18,0)),"") | J18: =IFERROR(INDEX(Cluster_Master!$E$4:$E$18,MATCH($F18,Cluster_Master!$B$4:$B$18,0)),"") | K18: =IFERROR(INDEX(Cluster_Master!$F$4:$F$18,MATCH($F18,Cluster_Master!$B$4:$B$18,0)),"") | L18: =IFERROR(INDEX(Cluster_Master!$G$4:$G$18,MATCH($F18,Cluster_Master!$B$4:$B$18,0)),"") | M18: =IFERROR(INDEX(Cluster_Master!$H$4:$H$18,MATCH($F18,Cluster_Master!$B$4:$B$18,0)),"") | AI18: =IF(COUNTA(T18:AH18)=0,"",SUM(T18:AH18)) | AJ18: =IF(COUNTA(T18:AH18)=0,"",AI18/75) | AK18: =IF(COUNTA(T18:AH18)=0,"",(SUM(T18*KPI_Weights!$B$4,U18*KPI_Weights!$B$5,V18*KPI_Weights!$B$6,W18*KPI_Weights!$B$7,X18*KPI_Weights!$B$8,Y18*KPI_Weights!$B$9,Z18*KPI_Weights!$B$10,AA18*KPI_Weights!$B$11,AB18*KPI_Weights!$B$12,AC18*KPI_Weights!$B$13,AD18*KPI_Weights!$B$14,AE18*KPI_Weights!$B$15,AF18*KPI_Weights!$B$16,AG18*KPI_Weights!$B$17,AH18*KPI_Weights!$B$18))/5) | AL18: =IF(COUNTA(T18:AH18)=0,"",IF(OR(T18<=1,W18<=1,X18<=1,Y18<=1,AB18<=1),"YES","NO")) | AM18: =IF(AJ18="","",IF(AND(AL18="NO",AJ18>=0.75),"YES","NO")) | AN18: =IF(AJ18="","",IF(AJ18<0.4,"Critical",IF(AJ18<0.6,"Poor",IF(AJ18<0.75,"Needs Improvement",IF(AJ18<0.9,"Good","Excellent")))))
A19: =IF($B19="","",TEXT($B19,"yyyymmdd")&"-"&SUBSTITUTE($F19," ","")&"-"&TEXT(COUNTIF($F$4:F19,$F19),"00")) | C19: =IF($B19="","",WEEKNUM($B19,2)) | D19: =IF($B19="","",TEXT($B19,"yyyy-mm")) | G19: =IF(OR($E19="",$F19=""),"",IFERROR(IF($E19=INDEX(Cluster_Master!$A$4:$A$18,MATCH($F19,Cluster_Master!$B$4:$B$18,0)),"OK","CHECK"),"CHECK")) | H19: =IFERROR(INDEX(Cluster_Master!$C$4:$C$18,MATCH($F19,Cluster_Master!$B$4:$B$18,0)),"") | I19: =IFERROR(INDEX(Cluster_Master!$D$4:$D$18,MATCH($F19,Cluster_Master!$B$4:$B$18,0)),"") | J19: =IFERROR(INDEX(Cluster_Master!$E$4:$E$18,MATCH($F19,Cluster_Master!$B$4:$B$18,0)),"") | K19: =IFERROR(INDEX(Cluster_Master!$F$4:$F$18,MATCH($F19,Cluster_Master!$B$4:$B$18,0)),"") | L19: =IFERROR(INDEX(Cluster_Master!$G$4:$G$18,MATCH($F19,Cluster_Master!$B$4:$B$18,0)),"") | M19: =IFERROR(INDEX(Cluster_Master!$H$4:$H$18,MATCH($F19,Cluster_Master!$B$4:$B$18,0)),"") | AI19: =IF(COUNTA(T19:AH19)=0,"",SUM(T19:AH19)) | AJ19: =IF(COUNTA(T19:AH19)=0,"",AI19/75) | AK19: =IF(COUNTA(T19:AH19)=0,"",(SUM(T19*KPI_Weights!$B$4,U19*KPI_Weights!$B$5,V19*KPI_Weights!$B$6,W19*KPI_Weights!$B$7,X19*KPI_Weights!$B$8,Y19*KPI_Weights!$B$9,Z19*KPI_Weights!$B$10,AA19*KPI_Weights!$B$11,AB19*KPI_Weights!$B$12,AC19*KPI_Weights!$B$13,AD19*KPI_Weights!$B$14,AE19*KPI_Weights!$B$15,AF19*KPI_Weights!$B$16,AG19*KPI_Weights!$B$17,AH19*KPI_Weights!$B$18))/5) | AL19: =IF(COUNTA(T19:AH19)=0,"",IF(OR(T19<=1,W19<=1,X19<=1,Y19<=1,AB19<=1),"YES","NO")) | AM19: =IF(AJ19="","",IF(AND(AL19="NO",AJ19>=0.75),"YES","NO")) | AN19: =IF(AJ19="","",IF(AJ19<0.4,"Critical",IF(AJ19<0.6,"Poor",IF(AJ19<0.75,"Needs Improvement",IF(AJ19<0.9,"Good","Excellent")))))
A20: =IF($B20="","",TEXT($B20,"yyyymmdd")&"-"&SUBSTITUTE($F20," ","")&"-"&TEXT(COUNTIF($F$4:F20,$F20),"00")) | C20: =IF($B20="","",WEEKNUM($B20,2)) | D20: =IF($B20="","",TEXT($B20,"yyyy-mm")) | G20: =IF(OR($E20="",$F20=""),"",IFERROR(IF($E20=INDEX(Cluster_Master!$A$4:$A$18,MATCH($F20,Cluster_Master!$B$4:$B$18,0)),"OK","CHECK"),"CHECK")) | H20: =IFERROR(INDEX(Cluster_Master!$C$4:$C$18,MATCH($F20,Cluster_Master!$B$4:$B$18,0)),"") | I20: =IFERROR(INDEX(Cluster_Master!$D$4:$D$18,MATCH($F20,Cluster_Master!$B$4:$B$18,0)),"") | J20: =IFERROR(INDEX(Cluster_Master!$E$4:$E$18,MATCH($F20,Cluster_Master!$B$4:$B$18,0)),"") | K20: =IFERROR(INDEX(Cluster_Master!$F$4:$F$18,MATCH($F20,Cluster_Master!$B$4:$B$18,0)),"") | L20: =IFERROR(INDEX(Cluster_Master!$G$4:$G$18,MATCH($F20,Cluster_Master!$B$4:$B$18,0)),"") | M20: =IFERROR(INDEX(Cluster_Master!$H$4:$H$18,MATCH($F20,Cluster_Master!$B$4:$B$18,0)),"") | AI20: =IF(COUNTA(T20:AH20)=0,"",SUM(T20:AH20)) | AJ20: =IF(COUNTA(T20:AH20)=0,"",AI20/75) | AK20: =IF(COUNTA(T20:AH20)=0,"",(SUM(T20*KPI_Weights!$B$4,U20*KPI_Weights!$B$5,V20*KPI_Weights!$B$6,W20*KPI_Weights!$B$7,X20*KPI_Weights!$B$8,Y20*KPI_Weights!$B$9,Z20*KPI_Weights!$B$10,AA20*KPI_Weights!$B$11,AB20*KPI_Weights!$B$12,AC20*KPI_Weights!$B$13,AD20*KPI_Weights!$B$14,AE20*KPI_Weights!$B$15,AF20*KPI_Weights!$B$16,AG20*KPI_Weights!$B$17,AH20*KPI_Weights!$B$18))/5) | AL20: =IF(COUNTA(T20:AH20)=0,"",IF(OR(T20<=1,W20<=1,X20<=1,Y20<=1,AB20<=1),"YES","NO")) | AM20: =IF(AJ20="","",IF(AND(AL20="NO",AJ20>=0.75),"YES","NO")) | AN20: =IF(AJ20="","",IF(AJ20<0.4,"Critical",IF(AJ20<0.6,"Poor",IF(AJ20<0.75,"Needs Improvement",IF(AJ20<0.9,"Good","Excellent")))))
A21: =IF($B21="","",TEXT($B21,"yyyymmdd")&"-"&SUBSTITUTE($F21," ","")&"-"&TEXT(COUNTIF($F$4:F21,$F21),"00")) | C21: =IF($B21="","",WEEKNUM($B21,2)) | D21: =IF($B21="","",TEXT($B21,"yyyy-mm")) | G21: =IF(OR($E21="",$F21=""),"",IFERROR(IF($E21=INDEX(Cluster_Master!$A$4:$A$18,MATCH($F21,Cluster_Master!$B$4:$B$18,0)),"OK","CHECK"),"CHECK")) | H21: =IFERROR(INDEX(Cluster_Master!$C$4:$C$18,MATCH($F21,Cluster_Master!$B$4:$B$18,0)),"") | I21: =IFERROR(INDEX(Cluster_Master!$D$4:$D$18,MATCH($F21,Cluster_Master!$B$4:$B$18,0)),"") | J21: =IFERROR(INDEX(Cluster_Master!$E$4:$E$18,MATCH($F21,Cluster_Master!$B$4:$B$18,0)),"") | K21: =IFERROR(INDEX(Cluster_Master!$F$4:$F$18,MATCH($F21,Cluster_Master!$B$4:$B$18,0)),"") | L21: =IFERROR(INDEX(Cluster_Master!$G$4:$G$18,MATCH($F21,Cluster_Master!$B$4:$B$18,0)),"") | M21: =IFERROR(INDEX(Cluster_Master!$H$4:$H$18,MATCH($F21,Cluster_Master!$B$4:$B$18,0)),"") | AI21: =IF(COUNTA(T21:AH21)=0,"",SUM(T21:AH21)) | AJ21: =IF(COUNTA(T21:AH21)=0,"",AI21/75) | AK21: =IF(COUNTA(T21:AH21)=0,"",(SUM(T21*KPI_Weights!$B$4,U21*KPI_Weights!$B$5,V21*KPI_Weights!$B$6,W21*KPI_Weights!$B$7,X21*KPI_Weights!$B$8,Y21*KPI_Weights!$B$9,Z21*KPI_Weights!$B$10,AA21*KPI_Weights!$B$11,AB21*KPI_Weights!$B$12,AC21*KPI_Weights!$B$13,AD21*KPI_Weights!$B$14,AE21*KPI_Weights!$B$15,AF21*KPI_Weights!$B$16,AG21*KPI_Weights!$B$17,AH21*KPI_Weights!$B$18))/5) | AL21: =IF(COUNTA(T21:AH21)=0,"",IF(OR(T21<=1,W21<=1,X21<=1,Y21<=1,AB21<=1),"YES","NO")) | AM21: =IF(AJ21="","",IF(AND(AL21="NO",AJ21>=0.75),"YES","NO")) | AN21: =IF(AJ21="","",IF(AJ21<0.4,"Critical",IF(AJ21<0.6,"Poor",IF(AJ21<0.75,"Needs Improvement",IF(AJ21<0.9,"Good","Excellent")))))
... A996: =IF($B996="","",TEXT($B996,"yyyymmdd")&"-"&SUBSTITUTE($F996," ","")&"-"&TEXT(COUNTIF($F$4:F996,$F996),"00")) | C996: =IF($B996="","",WEEKNUM($B996,2)) | D996: =IF($B996="","",TEXT($B996,"yyyy-mm")) | G996: =IF(OR($E996="",$F996=""),"",IFERROR(IF($E996=INDEX(Cluster_Master!$A$4:$A$18,MATCH($F996,Cluster_Master!$B$4:$B$18,0)),"OK","CHECK"),"CHECK")) | H996: =IFERROR(INDEX(Cluster_Master!$C$4:$C$18,MATCH($F996,Cluster_Master!$B$4:$B$18,0)),"") | I996: =IFERROR(INDEX(Cluster_Master!$D$4:$D$18,MATCH($F996,Cluster_Master!$B$4:$B$18,0)),"") | J996: =IFERROR(INDEX(Cluster_Master!$E$4:$E$18,MATCH($F996,Cluster_Master!$B$4:$B$18,0)),"") | K996: =IFERROR(INDEX(Cluster_Master!$F$4:$F$18,MATCH($F996,Cluster_Master!$B$4:$B$18,0)),"") | L996: =IFERROR(INDEX(Cluster_Master!$G$4:$G$18,MATCH($F996,Cluster_Master!$B$4:$B$18,0)),"") | M996: =IFERROR(INDEX(Cluster_Master!$H$4:$H$18,MATCH($F996,Cluster_Master!$B$4:$B$18,0)),"") | AI996: =IF(COUNTA(T996:AH996)=0,"",SUM(T996:AH996)) | AJ996: =IF(COUNTA(T996:AH996)=0,"",AI996/75) | AK996: =IF(COUNTA(T996:AH996)=0,"",(SUM(T996*KPI_Weights!$B$4,U996*KPI_Weights!$B$5,V996*KPI_Weights!$B$6,W996*KPI_Weights!$B$7,X996*KPI_Weights!$B$8,Y996*KPI_Weights!$B$9,Z996*KPI_Weights!$B$10,AA996*KPI_Weights!$B$11,AB996*KPI_Weights!$B$12,AC996*KPI_Weights!$B$13,AD996*KPI_Weights!$B$14,AE996*KPI_Weights!$B$15,AF996*KPI_Weights!$B$16,AG996*KPI_Weights!$B$17,AH996*KPI_Weights!$B$18))/5) | AL996: =IF(COUNTA(T996:AH996)=0,"",IF(OR(T996<=1,W996<=1,X996<=1,Y996<=1,AB996<=1),"YES","NO")) | AM996: =IF(AJ996="","",IF(AND(AL996="NO",AJ996>=0.75),"YES","NO")) | AN996: =IF(AJ996="","",IF(AJ996<0.4,"Critical",IF(AJ996<0.6,"Poor",IF(AJ996<0.75,"Needs Improvement",IF(AJ996<0.9,"Good","Excellent")))))

Sheet Weekly_Dashboard
A1: Weekly Dashboard
A2: Set the control week and month in blue-font cells. This sheet summarizes weekly and current month performance by cluster and highlights weak KPIs / root causes.
A4: Control inputs
A5: Selected Week No | B5: =IFERROR(MAX(Weekly_Inspections!$C$4:$C$996),"") -> 14
A6: Selected Month (yyyy-mm) | B6: =IFERROR(LOOKUP(2,1/(Weekly_Inspections!$D$4:$D$996<>""),Weekly_Inspections!$D$4:$D$996),"") -> 2026-03
A7: Previous Month (yyyy-mm) | B7: =IF($B$6="","",TEXT(EDATE(DATE(VALUE(LEFT($B$6,4)),VALUE(RIGHT($B$6,2)),1),-1),"yyyy-mm")) -> 2026-02
A9: Cluster | B9: Package | C9: Contractor | D9: Week Avg Raw % | E9: Week Avg Weighted % | F9: Week Red Flags | G9: Month Avg Raw % | H9: Month Avg Weighted % | I9: Month Red Flags | J9: Month Improvement | K9: Award Eligible | L9: Rank
A10: Cluster 7A | B10: =IFERROR(INDEX(Cluster_Master!$A$4:$A$18,MATCH($A10,Cluster_Master!$B$4:$B$18,0)),"") -> 2 | C10: =IFERROR(INDEX(Cluster_Master!$C$4:$C$18,MATCH($A10,Cluster_Master!$B$4:$B$18,0)),"") -> TAJV | D10: =IF($B$5="","",IFERROR(AVERAGEIFS(Weekly_Inspections!$AJ$4:$AJ$996,Weekly_Inspections!$F$4:$F$996,$A10,Weekly_Inspections!$C$4:$C$996,$B$5),"")) | E10: =IF($B$5="","",IFERROR(AVERAGEIFS(Weekly_Inspections!$AK$4:$AK$996,Weekly_Inspections!$F$4:$F$996,$A10,Weekly_Inspections!$C$4:$C$996,$B$5),"")) | F10: =IF($B$5="","",COUNTIFS(Weekly_Inspections!$F$4:$F$996,$A10,Weekly_Inspections!$C$4:$C$996,$B$5,Weekly_Inspections!$AL$4:$AL$996,"YES")) -> 0 | G10: =IF($B$6="","",IFERROR(AVERAGEIFS(Weekly_Inspections!$AJ$4:$AJ$996,Weekly_Inspections!$F$4:$F$996,$A10,Weekly_Inspections!$D$4:$D$996,$B$6),"")) | H10: =IF($B$6="","",IFERROR(AVERAGEIFS(Weekly_Inspections!$AK$4:$AK$996,Weekly_Inspections!$F$4:$F$996,$A10,Weekly_Inspections!$D$4:$D$996,$B$6),"")) | I10: =IF($B$6="","",COUNTIFS(Weekly_Inspections!$F$4:$F$996,$A10,Weekly_Inspections!$D$4:$D$996,$B$6,Weekly_Inspections!$AL$4:$AL$996,"YES")) -> 0 | J10: =IF(OR($B$6="",$B$7=""),"",IFERROR((G10-AVERAGEIFS(Weekly_Inspections!$AJ$4:$AJ$996,Weekly_Inspections!$F$4:$F$996,$A10,Weekly_Inspections!$D$4:$D$996,$B$7))/AVERAGEIFS(Weekly_Inspections!$AJ$4:$AJ$996,Weekly_Inspections!$F$4:$F$996,$A10,Weekly_Inspections!$D$4:$D$996,$B$7),"")) | K10: =IF(G10="","",IF(AND(I10=0,G10>=0.75),"YES","NO")) | L10: =IF(G10="","",RANK(G10,$G$10:$G$24,0))
A11: Cluster 7B | B11: =IFERROR(INDEX(Cluster_Master!$A$4:$A$18,MATCH($A11,Cluster_Master!$B$4:$B$18,0)),"") -> 2 | C11: =IFERROR(INDEX(Cluster_Master!$C$4:$C$18,MATCH($A11,Cluster_Master!$B$4:$B$18,0)),"") -> TAJV | D11: =IF($B$5="","",IFERROR(AVERAGEIFS(Weekly_Inspections!$AJ$4:$AJ$996,Weekly_Inspections!$F$4:$F$996,$A11,Weekly_Inspections!$C$4:$C$996,$B$5),"")) | E11: =IF($B$5="","",IFERROR(AVERAGEIFS(Weekly_Inspections!$AK$4:$AK$996,Weekly_Inspections!$F$4:$F$996,$A11,Weekly_Inspections!$C$4:$C$996,$B$5),"")) | F11: =IF($B$5="","",COUNTIFS(Weekly_Inspections!$F$4:$F$996,$A11,Weekly_Inspections!$C$4:$C$996,$B$5,Weekly_Inspections!$AL$4:$AL$996,"YES")) -> 0 | G11: =IF($B$6="","",IFERROR(AVERAGEIFS(Weekly_Inspections!$AJ$4:$AJ$996,Weekly_Inspections!$F$4:$F$996,$A11,Weekly_Inspections!$D$4:$D$996,$B$6),"")) | H11: =IF($B$6="","",IFERROR(AVERAGEIFS(Weekly_Inspections!$AK$4:$AK$996,Weekly_Inspections!$F$4:$F$996,$A11,Weekly_Inspections!$D$4:$D$996,$B$6),"")) | I11: =IF($B$6="","",COUNTIFS(Weekly_Inspections!$F$4:$F$996,$A11,Weekly_Inspections!$D$4:$D$996,$B$6,Weekly_Inspections!$AL$4:$AL$996,"YES")) -> 0 | J11: =IF(OR($B$6="",$B$7=""),"",IFERROR((G11-AVERAGEIFS(Weekly_Inspections!$AJ$4:$AJ$996,Weekly_Inspections!$F$4:$F$996,$A11,Weekly_Inspections!$D$4:$D$996,$B$7))/AVERAGEIFS(Weekly_Inspections!$AJ$4:$AJ$996,Weekly_Inspections!$F$4:$F$996,$A11,Weekly_Inspections!$D$4:$D$996,$B$7),"")) | K11: =IF(G11="","",IF(AND(I11=0,G11>=0.75),"YES","NO")) | L11: =IF(G11="","",RANK(G11,$G$10:$G$24,0))
A12: Cluster 8A | B12: =IFERROR(INDEX(Cluster_Master!$A$4:$A$18,MATCH($A12,Cluster_Master!$B$4:$B$18,0)),"") -> 2 | C12: =IFERROR(INDEX(Cluster_Master!$C$4:$C$18,MATCH($A12,Cluster_Master!$B$4:$B$18,0)),"") -> TAJV | D12: =IF($B$5="","",IFERROR(AVERAGEIFS(Weekly_Inspections!$AJ$4:$AJ$996,Weekly_Inspections!$F$4:$F$996,$A12,Weekly_Inspections!$C$4:$C$996,$B$5),"")) | E12: =IF($B$5="","",IFERROR(AVERAGEIFS(Weekly_Inspections!$AK$4:$AK$996,Weekly_Inspections!$F$4:$F$996,$A12,Weekly_Inspections!$C$4:$C$996,$B$5),"")) | F12: =IF($B$5="","",COUNTIFS(Weekly_Inspections!$F$4:$F$996,$A12,Weekly_Inspections!$C$4:$C$996,$B$5,Weekly_Inspections!$AL$4:$AL$996,"YES")) -> 0 | G12: =IF($B$6="","",IFERROR(AVERAGEIFS(Weekly_Inspections!$AJ$4:$AJ$996,Weekly_Inspections!$F$4:$F$996,$A12,Weekly_Inspections!$D$4:$D$996,$B$6),"")) -> 0.78666667 | H12: =IF($B$6="","",IFERROR(AVERAGEIFS(Weekly_Inspections!$AK$4:$AK$996,Weekly_Inspections!$F$4:$F$996,$A12,Weekly_Inspections!$D$4:$D$996,$B$6),"")) -> 0.794 | I12: =IF($B$6="","",COUNTIFS(Weekly_Inspections!$F$4:$F$996,$A12,Weekly_Inspections!$D$4:$D$996,$B$6,Weekly_Inspections!$AL$4:$AL$996,"YES")) -> 0 | J12: =IF(OR($B$6="",$B$7=""),"",IFERROR((G12-AVERAGEIFS(Weekly_Inspections!$AJ$4:$AJ$996,Weekly_Inspections!$F$4:$F$996,$A12,Weekly_Inspections!$D$4:$D$996,$B$7))/AVERAGEIFS(Weekly_Inspections!$AJ$4:$AJ$996,Weekly_Inspections!$F$4:$F$996,$A12,Weekly_Inspections!$D$4:$D$996,$B$7),"")) | K12: =IF(G12="","",IF(AND(I12=0,G12>=0.75),"YES","NO")) -> YES | L12: =IF(G12="","",RANK(G12,$G$10:$G$24,0)) -> 1
A13: Cluster 8B | B13: =IFERROR(INDEX(Cluster_Master!$A$4:$A$18,MATCH($A13,Cluster_Master!$B$4:$B$18,0)),"") -> 2 | C13: =IFERROR(INDEX(Cluster_Master!$C$4:$C$18,MATCH($A13,Cluster_Master!$B$4:$B$18,0)),"") -> TAJV | D13: =IF($B$5="","",IFERROR(AVERAGEIFS(Weekly_Inspections!$AJ$4:$AJ$996,Weekly_Inspections!$F$4:$F$996,$A13,Weekly_Inspections!$C$4:$C$996,$B$5),"")) | E13: =IF($B$5="","",IFERROR(AVERAGEIFS(Weekly_Inspections!$AK$4:$AK$996,Weekly_Inspections!$F$4:$F$996,$A13,Weekly_Inspections!$C$4:$C$996,$B$5),"")) | F13: =IF($B$5="","",COUNTIFS(Weekly_Inspections!$F$4:$F$996,$A13,Weekly_Inspections!$C$4:$C$996,$B$5,Weekly_Inspections!$AL$4:$AL$996,"YES")) -> 0 | G13: =IF($B$6="","",IFERROR(AVERAGEIFS(Weekly_Inspections!$AJ$4:$AJ$996,Weekly_Inspections!$F$4:$F$996,$A13,Weekly_Inspections!$D$4:$D$996,$B$6),"")) | H13: =IF($B$6="","",IFERROR(AVERAGEIFS(Weekly_Inspections!$AK$4:$AK$996,Weekly_Inspections!$F$4:$F$996,$A13,Weekly_Inspections!$D$4:$D$996,$B$6),"")) | I13: =IF($B$6="","",COUNTIFS(Weekly_Inspections!$F$4:$F$996,$A13,Weekly_Inspections!$D$4:$D$996,$B$6,Weekly_Inspections!$AL$4:$AL$996,"YES")) -> 0 | J13: =IF(OR($B$6="",$B$7=""),"",IFERROR((G13-AVERAGEIFS(Weekly_Inspections!$AJ$4:$AJ$996,Weekly_Inspections!$F$4:$F$996,$A13,Weekly_Inspections!$D$4:$D$996,$B$7))/AVERAGEIFS(Weekly_Inspections!$AJ$4:$AJ$996,Weekly_Inspections!$F$4:$F$996,$A13,Weekly_Inspections!$D$4:$D$996,$B$7),"")) | K13: =IF(G13="","",IF(AND(I13=0,G13>=0.75),"YES","NO")) | L13: =IF(G13="","",RANK(G13,$G$10:$G$24,0))
A14: Cluster 8C | B14: =IFERROR(INDEX(Cluster_Master!$A$4:$A$18,MATCH($A14,Cluster_Master!$B$4:$B$18,0)),"") -> 2 | C14: =IFERROR(INDEX(Cluster_Master!$C$4:$C$18,MATCH($A14,Cluster_Master!$B$4:$B$18,0)),"") -> TAJV | D14: =IF($B$5="","",IFERROR(AVERAGEIFS(Weekly_Inspections!$AJ$4:$AJ$996,Weekly_Inspections!$F$4:$F$996,$A14,Weekly_Inspections!$C$4:$C$996,$B$5),"")) | E14: =IF($B$5="","",IFERROR(AVERAGEIFS(Weekly_Inspections!$AK$4:$AK$996,Weekly_Inspections!$F$4:$F$996,$A14,Weekly_Inspections!$C$4:$C$996,$B$5),"")) | F14: =IF($B$5="","",COUNTIFS(Weekly_Inspections!$F$4:$F$996,$A14,Weekly_Inspections!$C$4:$C$996,$B$5,Weekly_Inspections!$AL$4:$AL$996,"YES")) -> 0 | G14: =IF($B$6="","",IFERROR(AVERAGEIFS(Weekly_Inspections!$AJ$4:$AJ$996,Weekly_Inspections!$F$4:$F$996,$A14,Weekly_Inspections!$D$4:$D$996,$B$6),"")) | H14: =IF($B$6="","",IFERROR(AVERAGEIFS(Weekly_Inspections!$AK$4:$AK$996,Weekly_Inspections!$F$4:$F$996,$A14,Weekly_Inspections!$D$4:$D$996,$B$6),"")) | I14: =IF($B$6="","",COUNTIFS(Weekly_Inspections!$F$4:$F$996,$A14,Weekly_Inspections!$D$4:$D$996,$B$6,Weekly_Inspections!$AL$4:$AL$996,"YES")) -> 0 | J14: =IF(OR($B$6="",$B$7=""),"",IFERROR((G14-AVERAGEIFS(Weekly_Inspections!$AJ$4:$AJ$996,Weekly_Inspections!$F$4:$F$996,$A14,Weekly_Inspections!$D$4:$D$996,$B$7))/AVERAGEIFS(Weekly_Inspections!$AJ$4:$AJ$996,Weekly_Inspections!$F$4:$F$996,$A14,Weekly_Inspections!$D$4:$D$996,$B$7),"")) | K14: =IF(G14="","",IF(AND(I14=0,G14>=0.75),"YES","NO")) | L14: =IF(G14="","",RANK(G14,$G$10:$G$24,0))
A15: Cluster 8D | B15: =IFERROR(INDEX(Cluster_Master!$A$4:$A$18,MATCH($A15,Cluster_Master!$B$4:$B$18,0)),"") -> 2 | C15: =IFERROR(INDEX(Cluster_Master!$C$4:$C$18,MATCH($A15,Cluster_Master!$B$4:$B$18,0)),"") -> TAJV | D15: =IF($B$5="","",IFERROR(AVERAGEIFS(Weekly_Inspections!$AJ$4:$AJ$996,Weekly_Inspections!$F$4:$F$996,$A15,Weekly_Inspections!$C$4:$C$996,$B$5),"")) | E15: =IF($B$5="","",IFERROR(AVERAGEIFS(Weekly_Inspections!$AK$4:$AK$996,Weekly_Inspections!$F$4:$F$996,$A15,Weekly_Inspections!$C$4:$C$996,$B$5),"")) | F15: =IF($B$5="","",COUNTIFS(Weekly_Inspections!$F$4:$F$996,$A15,Weekly_Inspections!$C$4:$C$996,$B$5,Weekly_Inspections!$AL$4:$AL$996,"YES")) -> 0 | G15: =IF($B$6="","",IFERROR(AVERAGEIFS(Weekly_Inspections!$AJ$4:$AJ$996,Weekly_Inspections!$F$4:$F$996,$A15,Weekly_Inspections!$D$4:$D$996,$B$6),"")) | H15: =IF($B$6="","",IFERROR(AVERAGEIFS(Weekly_Inspections!$AK$4:$AK$996,Weekly_Inspections!$F$4:$F$996,$A15,Weekly_Inspections!$D$4:$D$996,$B$6),"")) | I15: =IF($B$6="","",COUNTIFS(Weekly_Inspections!$F$4:$F$996,$A15,Weekly_Inspections!$D$4:$D$996,$B$6,Weekly_Inspections!$AL$4:$AL$996,"YES")) -> 0 | J15: =IF(OR($B$6="",$B$7=""),"",IFERROR((G15-AVERAGEIFS(Weekly_Inspections!$AJ$4:$AJ$996,Weekly_Inspections!$F$4:$F$996,$A15,Weekly_Inspections!$D$4:$D$996,$B$7))/AVERAGEIFS(Weekly_Inspections!$AJ$4:$AJ$996,Weekly_Inspections!$F$4:$F$996,$A15,Weekly_Inspections!$D$4:$D$996,$B$7),"")) | K15: =IF(G15="","",IF(AND(I15=0,G15>=0.75),"YES","NO")) | L15: =IF(G15="","",RANK(G15,$G$10:$G$24,0))
A16: Cluster 3 | B16: =IFERROR(INDEX(Cluster_Master!$A$4:$A$18,MATCH($A16,Cluster_Master!$B$4:$B$18,0)),"") -> 3 | C16: =IFERROR(INDEX(Cluster_Master!$C$4:$C$18,MATCH($A16,Cluster_Master!$B$4:$B$18,0)),"") -> INNOVO | D16: =IF($B$5="","",IFERROR(AVERAGEIFS(Weekly_Inspections!$AJ$4:$AJ$996,Weekly_Inspections!$F$4:$F$996,$A16,Weekly_Inspections!$C$4:$C$996,$B$5),"")) | E16: =IF($B$5="","",IFERROR(AVERAGEIFS(Weekly_Inspections!$AK$4:$AK$996,Weekly_Inspections!$F$4:$F$996,$A16,Weekly_Inspections!$C$4:$C$996,$B$5),"")) | F16: =IF($B$5="","",COUNTIFS(Weekly_Inspections!$F$4:$F$996,$A16,Weekly_Inspections!$C$4:$C$996,$B$5,Weekly_Inspections!$AL$4:$AL$996,"YES")) -> 0 | G16: =IF($B$6="","",IFERROR(AVERAGEIFS(Weekly_Inspections!$AJ$4:$AJ$996,Weekly_Inspections!$F$4:$F$996,$A16,Weekly_Inspections!$D$4:$D$996,$B$6),"")) | H16: =IF($B$6="","",IFERROR(AVERAGEIFS(Weekly_Inspections!$AK$4:$AK$996,Weekly_Inspections!$F$4:$F$996,$A16,Weekly_Inspections!$D$4:$D$996,$B$6),"")) | I16: =IF($B$6="","",COUNTIFS(Weekly_Inspections!$F$4:$F$996,$A16,Weekly_Inspections!$D$4:$D$996,$B$6,Weekly_Inspections!$AL$4:$AL$996,"YES")) -> 0 | J16: =IF(OR($B$6="",$B$7=""),"",IFERROR((G16-AVERAGEIFS(Weekly_Inspections!$AJ$4:$AJ$996,Weekly_Inspections!$F$4:$F$996,$A16,Weekly_Inspections!$D$4:$D$996,$B$7))/AVERAGEIFS(Weekly_Inspections!$AJ$4:$AJ$996,Weekly_Inspections!$F$4:$F$996,$A16,Weekly_Inspections!$D$4:$D$996,$B$7),"")) | K16: =IF(G16="","",IF(AND(I16=0,G16>=0.75),"YES","NO")) | L16: =IF(G16="","",RANK(G16,$G$10:$G$24,0))
A17: Cluster 4 | B17: =IFERROR(INDEX(Cluster_Master!$A$4:$A$18,MATCH($A17,Cluster_Master!$B$4:$B$18,0)),"") -> 3 | C17: =IFERROR(INDEX(Cluster_Master!$C$4:$C$18,MATCH($A17,Cluster_Master!$B$4:$B$18,0)),"") -> INNOVO | D17: =IF($B$5="","",IFERROR(AVERAGEIFS(Weekly_Inspections!$AJ$4:$AJ$996,Weekly_Inspections!$F$4:$F$996,$A17,Weekly_Inspections!$C$4:$C$996,$B$5),"")) -> 0.54666667 | E17: =IF($B$5="","",IFERROR(AVERAGEIFS(Weekly_Inspections!$AK$4:$AK$996,Weekly_Inspections!$F$4:$F$996,$A17,Weekly_Inspections!$C$4:$C$996,$B$5),"")) -> 0.52 | F17: =IF($B$5="","",COUNTIFS(Weekly_Inspections!$F$4:$F$996,$A17,Weekly_Inspections!$C$4:$C$996,$B$5,Weekly_Inspections!$AL$4:$AL$996,"YES")) -> 1 | G17: =IF($B$6="","",IFERROR(AVERAGEIFS(Weekly_Inspections!$AJ$4:$AJ$996,Weekly_Inspections!$F$4:$F$996,$A17,Weekly_Inspections!$D$4:$D$996,$B$6),"")) -> 0.54666667 | H17: =IF($B$6="","",IFERROR(AVERAGEIFS(Weekly_Inspections!$AK$4:$AK$996,Weekly_Inspections!$F$4:$F$996,$A17,Weekly_Inspections!$D$4:$D$996,$B$6),"")) -> 0.52 | I17: =IF($B$6="","",COUNTIFS(Weekly_Inspections!$F$4:$F$996,$A17,Weekly_Inspections!$D$4:$D$996,$B$6,Weekly_Inspections!$AL$4:$AL$996,"YES")) -> 1 | J17: =IF(OR($B$6="",$B$7=""),"",IFERROR((G17-AVERAGEIFS(Weekly_Inspections!$AJ$4:$AJ$996,Weekly_Inspections!$F$4:$F$996,$A17,Weekly_Inspections!$D$4:$D$996,$B$7))/AVERAGEIFS(Weekly_Inspections!$AJ$4:$AJ$996,Weekly_Inspections!$F$4:$F$996,$A17,Weekly_Inspections!$D$4:$D$996,$B$7),"")) | K17: =IF(G17="","",IF(AND(I17=0,G17>=0.75),"YES","NO")) -> NO | L17: =IF(G17="","",RANK(G17,$G$10:$G$24,0)) -> 2
A18: Cluster 5 | B18: =IFERROR(INDEX(Cluster_Master!$A$4:$A$18,MATCH($A18,Cluster_Master!$B$4:$B$18,0)),"") -> 3 | C18: =IFERROR(INDEX(Cluster_Master!$C$4:$C$18,MATCH($A18,Cluster_Master!$B$4:$B$18,0)),"") -> INNOVO | D18: =IF($B$5="","",IFERROR(AVERAGEIFS(Weekly_Inspections!$AJ$4:$AJ$996,Weekly_Inspections!$F$4:$F$996,$A18,Weekly_Inspections!$C$4:$C$996,$B$5),"")) | E18: =IF($B$5="","",IFERROR(AVERAGEIFS(Weekly_Inspections!$AK$4:$AK$996,Weekly_Inspections!$F$4:$F$996,$A18,Weekly_Inspections!$C$4:$C$996,$B$5),"")) | F18: =IF($B$5="","",COUNTIFS(Weekly_Inspections!$F$4:$F$996,$A18,Weekly_Inspections!$C$4:$C$996,$B$5,Weekly_Inspections!$AL$4:$AL$996,"YES")) -> 0 | G18: =IF($B$6="","",IFERROR(AVERAGEIFS(Weekly_Inspections!$AJ$4:$AJ$996,Weekly_Inspections!$F$4:$F$996,$A18,Weekly_Inspections!$D$4:$D$996,$B$6),"")) | H18: =IF($B$6="","",IFERROR(AVERAGEIFS(Weekly_Inspections!$AK$4:$AK$996,Weekly_Inspections!$F$4:$F$996,$A18,Weekly_Inspections!$D$4:$D$996,$B$6),"")) | I18: =IF($B$6="","",COUNTIFS(Weekly_Inspections!$F$4:$F$996,$A18,Weekly_Inspections!$D$4:$D$996,$B$6,Weekly_Inspections!$AL$4:$AL$996,"YES")) -> 0 | J18: =IF(OR($B$6="",$B$7=""),"",IFERROR((G18-AVERAGEIFS(Weekly_Inspections!$AJ$4:$AJ$996,Weekly_Inspections!$F$4:$F$996,$A18,Weekly_Inspections!$D$4:$D$996,$B$7))/AVERAGEIFS(Weekly_Inspections!$AJ$4:$AJ$996,Weekly_Inspections!$F$4:$F$996,$A18,Weekly_Inspections!$D$4:$D$996,$B$7),"")) | K18: =IF(G18="","",IF(AND(I18=0,G18>=0.75),"YES","NO")) | L18: =IF(G18="","",RANK(G18,$G$10:$G$24,0))
A19: Cluster 6 | B19: =IFERROR(INDEX(Cluster_Master!$A$4:$A$18,MATCH($A19,Cluster_Master!$B$4:$B$18,0)),"") -> 3 | C19: =IFERROR(INDEX(Cluster_Master!$C$4:$C$18,MATCH($A19,Cluster_Master!$B$4:$B$18,0)),"") -> INNOVO | D19: =IF($B$5="","",IFERROR(AVERAGEIFS(Weekly_Inspections!$AJ$4:$AJ$996,Weekly_Inspections!$F$4:$F$996,$A19,Weekly_Inspections!$C$4:$C$996,$B$5),"")) -> 0.54666667 | E19: =IF($B$5="","",IFERROR(AVERAGEIFS(Weekly_Inspections!$AK$4:$AK$996,Weekly_Inspections!$F$4:$F$996,$A19,Weekly_Inspections!$C$4:$C$996,$B$5),"")) -> 0.52 | F19: =IF($B$5="","",COUNTIFS(Weekly_Inspections!$F$4:$F$996,$A19,Weekly_Inspections!$C$4:$C$996,$B$5,Weekly_Inspections!$AL$4:$AL$996,"YES")) -> 1 | G19: =IF($B$6="","",IFERROR(AVERAGEIFS(Weekly_Inspections!$AJ$4:$AJ$996,Weekly_Inspections!$F$4:$F$996,$A19,Weekly_Inspections!$D$4:$D$996,$B$6),"")) -> 0.54666667 | H19: =IF($B$6="","",IFERROR(AVERAGEIFS(Weekly_Inspections!$AK$4:$AK$996,Weekly_Inspections!$F$4:$F$996,$A19,Weekly_Inspections!$D$4:$D$996,$B$6),"")) -> 0.52 | I19: =IF($B$6="","",COUNTIFS(Weekly_Inspections!$F$4:$F$996,$A19,Weekly_Inspections!$D$4:$D$996,$B$6,Weekly_Inspections!$AL$4:$AL$996,"YES")) -> 1 | J19: =IF(OR($B$6="",$B$7=""),"",IFERROR((G19-AVERAGEIFS(Weekly_Inspections!$AJ$4:$AJ$996,Weekly_Inspections!$F$4:$F$996,$A19,Weekly_Inspections!$D$4:$D$996,$B$7))/AVERAGEIFS(Weekly_Inspections!$AJ$4:$AJ$996,Weekly_Inspections!$F$4:$F$996,$A19,Weekly_Inspections!$D$4:$D$996,$B$7),"")) | K19: =IF(G19="","",IF(AND(I19=0,G19>=0.75),"YES","NO")) -> NO | L19: =IF(G19="","",RANK(G19,$G$10:$G$24,0)) -> 2
A20: Cluster 1A | B20: =IFERROR(INDEX(Cluster_Master!$A$4:$A$18,MATCH($A20,Cluster_Master!$B$4:$B$18,0)),"") -> 4 | C20: =IFERROR(INDEX(Cluster_Master!$C$4:$C$18,MATCH($A20,Cluster_Master!$B$4:$B$18,0)),"") -> TAJV | D20: =IF($B$5="","",IFERROR(AVERAGEIFS(Weekly_Inspections!$AJ$4:$AJ$996,Weekly_Inspections!$F$4:$F$996,$A20,Weekly_Inspections!$C$4:$C$996,$B$5),"")) -> 0.54666667 | E20: =IF($B$5="","",IFERROR(AVERAGEIFS(Weekly_Inspections!$AK$4:$AK$996,Weekly_Inspections!$F$4:$F$996,$A20,Weekly_Inspections!$C$4:$C$996,$B$5),"")) -> 0.52 | F20: =IF($B$5="","",COUNTIFS(Weekly_Inspections!$F$4:$F$996,$A20,Weekly_Inspections!$C$4:$C$996,$B$5,Weekly_Inspections!$AL$4:$AL$996,"YES")) -> 1 | G20: =IF($B$6="","",IFERROR(AVERAGEIFS(Weekly_Inspections!$AJ$4:$AJ$996,Weekly_Inspections!$F$4:$F$996,$A20,Weekly_Inspections!$D$4:$D$996,$B$6),"")) -> 0.54666667 | H20: =IF($B$6="","",IFERROR(AVERAGEIFS(Weekly_Inspections!$AK$4:$AK$996,Weekly_Inspections!$F$4:$F$996,$A20,Weekly_Inspections!$D$4:$D$996,$B$6),"")) -> 0.52 | I20: =IF($B$6="","",COUNTIFS(Weekly_Inspections!$F$4:$F$996,$A20,Weekly_Inspections!$D$4:$D$996,$B$6,Weekly_Inspections!$AL$4:$AL$996,"YES")) -> 1 | J20: =IF(OR($B$6="",$B$7=""),"",IFERROR((G20-AVERAGEIFS(Weekly_Inspections!$AJ$4:$AJ$996,Weekly_Inspections!$F$4:$F$996,$A20,Weekly_Inspections!$D$4:$D$996,$B$7))/AVERAGEIFS(Weekly_Inspections!$AJ$4:$AJ$996,Weekly_Inspections!$F$4:$F$996,$A20,Weekly_Inspections!$D$4:$D$996,$B$7),"")) | K20: =IF(G20="","",IF(AND(I20=0,G20>=0.75),"YES","NO")) -> NO | L20: =IF(G20="","",RANK(G20,$G$10:$G$24,0)) -> 2
A21: Cluster 1B | B21: =IFERROR(INDEX(Cluster_Master!$A$4:$A$18,MATCH($A21,Cluster_Master!$B$4:$B$18,0)),"") -> 4 | C21: =IFERROR(INDEX(Cluster_Master!$C$4:$C$18,MATCH($A21,Cluster_Master!$B$4:$B$18,0)),"") -> TAJV | D21: =IF($B$5="","",IFERROR(AVERAGEIFS(Weekly_Inspections!$AJ$4:$AJ$996,Weekly_Inspections!$F$4:$F$996,$A21,Weekly_Inspections!$C$4:$C$996,$B$5),"")) -> 0.54666667 | E21: =IF($B$5="","",IFERROR(AVERAGEIFS(Weekly_Inspections!$AK$4:$AK$996,Weekly_Inspections!$F$4:$F$996,$A21,Weekly_Inspections!$C$4:$C$996,$B$5),"")) -> 0.52 | F21: =IF($B$5="","",COUNTIFS(Weekly_Inspections!$F$4:$F$996,$A21,Weekly_Inspections!$C$4:$C$996,$B$5,Weekly_Inspections!$AL$4:$AL$996,"YES")) -> 1 | G21: =IF($B$6="","",IFERROR(AVERAGEIFS(Weekly_Inspections!$AJ$4:$AJ$996,Weekly_Inspections!$F$4:$F$996,$A21,Weekly_Inspections!$D$4:$D$996,$B$6),"")) -> 0.54666667 | H21: =IF($B$6="","",IFERROR(AVERAGEIFS(Weekly_Inspections!$AK$4:$AK$996,Weekly_Inspections!$F$4:$F$996,$A21,Weekly_Inspections!$D$4:$D$996,$B$6),"")) -> 0.52 | I21: =IF($B$6="","",COUNTIFS(Weekly_Inspections!$F$4:$F$996,$A21,Weekly_Inspections!$D$4:$D$996,$B$6,Weekly_Inspections!$AL$4:$AL$996,"YES")) -> 1 | J21: =IF(OR($B$6="",$B$7=""),"",IFERROR((G21-AVERAGEIFS(Weekly_Inspections!$AJ$4:$AJ$996,Weekly_Inspections!$F$4:$F$996,$A21,Weekly_Inspections!$D$4:$D$996,$B$7))/AVERAGEIFS(Weekly_Inspections!$AJ$4:$AJ$996,Weekly_Inspections!$F$4:$F$996,$A21,Weekly_Inspections!$D$4:$D$996,$B$7),"")) | K21: =IF(G21="","",IF(AND(I21=0,G21>=0.75),"YES","NO")) -> NO | L21: =IF(G21="","",RANK(G21,$G$10:$G$24,0)) -> 2
... A24: Cluster 2C | B24: =IFERROR(INDEX(Cluster_Master!$A$4:$A$18,MATCH($A24,Cluster_Master!$B$4:$B$18,0)),"") -> 4 | C24: =IFERROR(INDEX(Cluster_Master!$C$4:$C$18,MATCH($A24,Cluster_Master!$B$4:$B$18,0)),"") -> TAJV | D24: =IF($B$5="","",IFERROR(AVERAGEIFS(Weekly_Inspections!$AJ$4:$AJ$996,Weekly_Inspections!$F$4:$F$996,$A24,Weekly_Inspections!$C$4:$C$996,$B$5),"")) | E24: =IF($B$5="","",IFERROR(AVERAGEIFS(Weekly_Inspections!$AK$4:$AK$996,Weekly_Inspections!$F$4:$F$996,$A24,Weekly_Inspections!$C$4:$C$996,$B$5),"")) | F24: =IF($B$5="","",COUNTIFS(Weekly_Inspections!$F$4:$F$996,$A24,Weekly_Inspections!$C$4:$C$996,$B$5,Weekly_Inspections!$AL$4:$AL$996,"YES")) -> 0 | G24: =IF($B$6="","",IFERROR(AVERAGEIFS(Weekly_Inspections!$AJ$4:$AJ$996,Weekly_Inspections!$F$4:$F$996,$A24,Weekly_Inspections!$D$4:$D$996,$B$6),"")) | H24: =IF($B$6="","",IFERROR(AVERAGEIFS(Weekly_Inspections!$AK$4:$AK$996,Weekly_Inspections!$F$4:$F$996,$A24,Weekly_Inspections!$D$4:$D$996,$B$6),"")) | I24: =IF($B$6="","",COUNTIFS(Weekly_Inspections!$F$4:$F$996,$A24,Weekly_Inspections!$D$4:$D$996,$B$6,Weekly_Inspections!$AL$4:$AL$996,"YES")) -> 0 | J24: =IF(OR($B$6="",$B$7=""),"",IFERROR((G24-AVERAGEIFS(Weekly_Inspections!$AJ$4:$AJ$996,Weekly_Inspections!$F$4:$F$996,$A24,Weekly_Inspections!$D$4:$D$996,$B$7))/AVERAGEIFS(Weekly_Inspections!$AJ$4:$AJ$996,Weekly_Inspections!$F$4:$F$996,$A24,Weekly_Inspections!$D$4:$D$996,$B$7),"")) | K24: =IF(G24="","",IF(AND(I24=0,G24>=0.75),"YES","NO")) | L24: =IF(G24="","",RANK(G24,$G$10:$G$24,0))
A27: KPI performance snapshot
A28: KPI | B28: Selected Week Avg Score | C28: Selected Month Avg Score | D28: Gap to 5 (Week) | E28: Gap to 5 (Month) | G28: Root Cause | H28: Selected Week Count | I28: Selected Month Count
A29: Work at Height Control | B29: =IF($B$5="","",IFERROR(AVERAGEIFS(Weekly_Inspections!$T$4:$T$499,Weekly_Inspections!$C$4:$C$499,$B$5),"")) -> 3 | C29: =IF($B$6="","",IFERROR(AVERAGEIFS(Weekly_Inspections!$T$4:$T$499,Weekly_Inspections!$D$4:$D$499,$B$6),"")) -> 3 | D29: =IF(B29="","",5-B29) -> 2 | E29: =IF(C29="","",5-C29) -> 2 | G29: Leadership failure | H29: =IF($B$5="","",COUNTIFS(Weekly_Inspections!$AP$4:$AP$499,$G29,Weekly_Inspections!$C$4:$C$499,$B$5)) -> 0 | I29: =IF($B$6="","",COUNTIFS(Weekly_Inspections!$AP$4:$AP$499,$G29,Weekly_Inspections!$D$4:$D$499,$B$6)) -> 1
A30: Edge Protection | B30: =IF($B$5="","",IFERROR(AVERAGEIFS(Weekly_Inspections!$U$4:$U$499,Weekly_Inspections!$C$4:$C$499,$B$5),"")) -> 2 | C30: =IF($B$6="","",IFERROR(AVERAGEIFS(Weekly_Inspections!$U$4:$U$499,Weekly_Inspections!$D$4:$D$499,$B$6),"")) -> 2.3333333 | D30: =IF(B30="","",5-B30) -> 3 | E30: =IF(C30="","",5-C30) -> 2.6666667 | G30: Poor supervision | H30: =IF($B$5="","",COUNTIFS(Weekly_Inspections!$AP$4:$AP$499,$G30,Weekly_Inspections!$C$4:$C$499,$B$5)) -> 4 | I30: =IF($B$6="","",COUNTIFS(Weekly_Inspections!$AP$4:$AP$499,$G30,Weekly_Inspections!$D$4:$D$499,$B$6)) -> 4
A31: Falling Object Prevention | B31: =IF($B$5="","",IFERROR(AVERAGEIFS(Weekly_Inspections!$V$4:$V$499,Weekly_Inspections!$C$4:$C$499,$B$5),"")) -> 3 | C31: =IF($B$6="","",IFERROR(AVERAGEIFS(Weekly_Inspections!$V$4:$V$499,Weekly_Inspections!$D$4:$D$499,$B$6),"")) -> 3.1666667 | D31: =IF(B31="","",5-B31) -> 2 | E31: =IF(C31="","",5-C31) -> 1.8333333 | G31: Poor planning | H31: =IF($B$5="","",COUNTIFS(Weekly_Inspections!$AP$4:$AP$499,$G31,Weekly_Inspections!$C$4:$C$499,$B$5)) -> 0 | I31: =IF($B$6="","",COUNTIFS(Weekly_Inspections!$AP$4:$AP$499,$G31,Weekly_Inspections!$D$4:$D$499,$B$6)) -> 0
A32: Excavation Safety | B32: =IF($B$5="","",IFERROR(AVERAGEIFS(Weekly_Inspections!$W$4:$W$499,Weekly_Inspections!$C$4:$C$499,$B$5),"")) -> 3 | C32: =IF($B$6="","",IFERROR(AVERAGEIFS(Weekly_Inspections!$W$4:$W$499,Weekly_Inspections!$D$4:$D$499,$B$6),"")) -> 3.1666667 | D32: =IF(B32="","",5-B32) -> 2 | E32: =IF(C32="","",5-C32) -> 1.8333333 | G32: PTW failure | H32: =IF($B$5="","",COUNTIFS(Weekly_Inspections!$AP$4:$AP$499,$G32,Weekly_Inspections!$C$4:$C$499,$B$5)) -> 0 | I32: =IF($B$6="","",COUNTIFS(Weekly_Inspections!$AP$4:$AP$499,$G32,Weekly_Inspections!$D$4:$D$499,$B$6)) -> 0
A33: Scaffolding Compliance | B33: =IF($B$5="","",IFERROR(AVERAGEIFS(Weekly_Inspections!$X$4:$X$499,Weekly_Inspections!$C$4:$C$499,$B$5),"")) -> 2 | C33: =IF($B$6="","",IFERROR(AVERAGEIFS(Weekly_Inspections!$X$4:$X$499,Weekly_Inspections!$D$4:$D$499,$B$6),"")) -> 2.3333333 | D33: =IF(B33="","",5-B33) -> 3 | E33: =IF(C33="","",5-C33) -> 2.6666667 | G33: Weak MSRA | H33: =IF($B$5="","",COUNTIFS(Weekly_Inspections!$AP$4:$AP$499,$G33,Weekly_Inspections!$C$4:$C$499,$B$5)) -> 0 | I33: =IF($B$6="","",COUNTIFS(Weekly_Inspections!$AP$4:$AP$499,$G33,Weekly_Inspections!$D$4:$D$499,$B$6)) -> 0
A34: PTW Implementation | B34: =IF($B$5="","",IFERROR(AVERAGEIFS(Weekly_Inspections!$Y$4:$Y$499,Weekly_Inspections!$C$4:$C$499,$B$5),"")) -> 4 | C34: =IF($B$6="","",IFERROR(AVERAGEIFS(Weekly_Inspections!$Y$4:$Y$499,Weekly_Inspections!$D$4:$D$499,$B$6),"")) -> 3.8333333 | D34: =IF(B34="","",5-B34) -> 1 | E34: =IF(C34="","",5-C34) -> 1.1666667 | G34: Poor subcontractor control | H34: =IF($B$5="","",COUNTIFS(Weekly_Inspections!$AP$4:$AP$499,$G34,Weekly_Inspections!$C$4:$C$499,$B$5)) -> 0 | I34: =IF($B$6="","",COUNTIFS(Weekly_Inspections!$AP$4:$AP$499,$G34,Weekly_Inspections!$D$4:$D$499,$B$6)) -> 0
A35: PTW Field Verification | B35: =IF($B$5="","",IFERROR(AVERAGEIFS(Weekly_Inspections!$Z$4:$Z$499,Weekly_Inspections!$C$4:$C$499,$B$5),"")) -> 3 | C35: =IF($B$6="","",IFERROR(AVERAGEIFS(Weekly_Inspections!$Z$4:$Z$499,Weekly_Inspections!$D$4:$D$499,$B$6),"")) -> 2.8333333 | D35: =IF(B35="","",5-B35) -> 2 | E35: =IF(C35="","",5-C35) -> 2.1666667 | G35: Resource constraint | H35: =IF($B$5="","",COUNTIFS(Weekly_Inspections!$AP$4:$AP$499,$G35,Weekly_Inspections!$C$4:$C$499,$B$5)) -> 0 | I35: =IF($B$6="","",COUNTIFS(Weekly_Inspections!$AP$4:$AP$499,$G35,Weekly_Inspections!$D$4:$D$499,$B$6)) -> 0
A36: MSRA Quality | B36: =IF($B$5="","",IFERROR(AVERAGEIFS(Weekly_Inspections!$AA$4:$AA$499,Weekly_Inspections!$C$4:$C$499,$B$5),"")) -> 5 | C36: =IF($B$6="","",IFERROR(AVERAGEIFS(Weekly_Inspections!$AA$4:$AA$499,Weekly_Inspections!$D$4:$D$499,$B$6),"")) -> 4.5 | D36: =IF(B36="","",5-B36) -> 0 | E36: =IF(C36="","",5-C36) -> 0.5 | G36: Inadequate competence | H36: =IF($B$5="","",COUNTIFS(Weekly_Inspections!$AP$4:$AP$499,$G36,Weekly_Inspections!$C$4:$C$499,$B$5)) -> 0 | I36: =IF($B$6="","",COUNTIFS(Weekly_Inspections!$AP$4:$AP$499,$G36,Weekly_Inspections!$D$4:$D$499,$B$6)) -> 0
A37: Lifting/Precast Installation | B37: =IF($B$5="","",IFERROR(AVERAGEIFS(Weekly_Inspections!$AB$4:$AB$499,Weekly_Inspections!$C$4:$C$499,$B$5),"")) -> 1 | C37: =IF($B$6="","",IFERROR(AVERAGEIFS(Weekly_Inspections!$AB$4:$AB$499,Weekly_Inspections!$D$4:$D$499,$B$6),"")) -> 1.6 | D37: =IF(B37="","",5-B37) -> 4 | E37: =IF(C37="","",5-C37) -> 3.4 | G37: Poor housekeeping culture | H37: =IF($B$5="","",COUNTIFS(Weekly_Inspections!$AP$4:$AP$499,$G37,Weekly_Inspections!$C$4:$C$499,$B$5)) -> 0 | I37: =IF($B$6="","",COUNTIFS(Weekly_Inspections!$AP$4:$AP$499,$G37,Weekly_Inspections!$D$4:$D$499,$B$6)) -> 0
A38: Traffic & Man-Machine Interface | B38: =IF($B$5="","",IFERROR(AVERAGEIFS(Weekly_Inspections!$AC$4:$AC$499,Weekly_Inspections!$C$4:$C$499,$B$5),"")) -> 2 | C38: =IF($B$6="","",IFERROR(AVERAGEIFS(Weekly_Inspections!$AC$4:$AC$499,Weekly_Inspections!$D$4:$D$499,$B$6),"")) -> 2.5 | D38: =IF(B38="","",5-B38) -> 3 | E38: =IF(C38="","",5-C38) -> 2.5 | G38: Interface / simultaneous activity conflict | H38: =IF($B$5="","",COUNTIFS(Weekly_Inspections!$AP$4:$AP$499,$G38,Weekly_Inspections!$C$4:$C$499,$B$5)) -> 0 | I38: =IF($B$6="","",COUNTIFS(Weekly_Inspections!$AP$4:$AP$499,$G38,Weekly_Inspections!$D$4:$D$499,$B$6)) -> 0
A39: Housekeeping/Waste Management | B39: =IF($B$5="","",IFERROR(AVERAGEIFS(Weekly_Inspections!$AD$4:$AD$499,Weekly_Inspections!$C$4:$C$499,$B$5),"")) -> 4 | C39: =IF($B$6="","",IFERROR(AVERAGEIFS(Weekly_Inspections!$AD$4:$AD$499,Weekly_Inspections!$D$4:$D$499,$B$6),"")) -> 3.5 | D39: =IF(B39="","",5-B39) -> 1 | E39: =IF(C39="","",5-C39) -> 1.5 | G39: Other | H39: =IF($B$5="","",COUNTIFS(Weekly_Inspections!$AP$4:$AP$499,$G39,Weekly_Inspections!$C$4:$C$499,$B$5)) -> 0 | I39: =IF($B$6="","",COUNTIFS(Weekly_Inspections!$AP$4:$AP$499,$G39,Weekly_Inspections!$D$4:$D$499,$B$6)) -> 1
A40: Welfare Arrangement | B40: =IF($B$5="","",IFERROR(AVERAGEIFS(Weekly_Inspections!$AE$4:$AE$499,Weekly_Inspections!$C$4:$C$499,$B$5),"")) -> 2 | C40: =IF($B$6="","",IFERROR(AVERAGEIFS(Weekly_Inspections!$AE$4:$AE$499,Weekly_Inspections!$D$4:$D$499,$B$6),"")) -> 2 | D40: =IF(B40="","",5-B40) -> 3 | E40: =IF(C40="","",5-C40) -> 3
A41: Fire Readiness | B41: =IF($B$5="","",IFERROR(AVERAGEIFS(Weekly_Inspections!$AF$4:$AF$499,Weekly_Inspections!$C$4:$C$499,$B$5),"")) -> 3 | C41: =IF($B$6="","",IFERROR(AVERAGEIFS(Weekly_Inspections!$AF$4:$AF$499,Weekly_Inspections!$D$4:$D$499,$B$6),"")) -> 3 | D41: =IF(B41="","",5-B41) -> 2 | E41: =IF(C41="","",5-C41) -> 2
A42: Supervision & Subcontractor Control | B42: =IF($B$5="","",IFERROR(AVERAGEIFS(Weekly_Inspections!$AG$4:$AG$499,Weekly_Inspections!$C$4:$C$499,$B$5),"")) -> 1 | C42: =IF($B$6="","",IFERROR(AVERAGEIFS(Weekly_Inspections!$AG$4:$AG$499,Weekly_Inspections!$D$4:$D$499,$B$6),"")) -> 1.5 | D42: =IF(B42="","",5-B42) -> 4 | E42: =IF(C42="","",5-C42) -> 3.5
A43: Temporary Electrical & Tool Safety | B43: =IF($B$5="","",IFERROR(AVERAGEIFS(Weekly_Inspections!$AH$4:$AH$499,Weekly_Inspections!$C$4:$C$499,$B$5),"")) -> 3 | C43: =IF($B$6="","",IFERROR(AVERAGEIFS(Weekly_Inspections!$AH$4:$AH$499,Weekly_Inspections!$D$4:$D$499,$B$6),"")) -> 3 | D43: =IF(B43="","",5-B43) -> 2 | E43: =IF(C43="","",5-C43) -> 2

Sheet Monthly_Dashboard
A1: Monthly Dashboard
A2: Set the selected month and previous month in blue-font cells. Use this view for monthly recognition and improvement review.
A4: Selected Month (yyyy-mm) | B4: =IFERROR(LOOKUP(2,1/(Weekly_Inspections!$D$4:$D$996<>""),Weekly_Inspections!$D$4:$D$996),"") -> 2026-03
A5: Previous Month (yyyy-mm) | B5: =IF($B$4="","",TEXT(EDATE(DATE(VALUE(LEFT($B$4,4)),VALUE(RIGHT($B$4,2)),1),-1),"yyyy-mm")) -> 2026-02
A7: Cluster | B7: Package | C7: Contractor | D7: Month Avg Raw % | E7: Month Avg Weighted % | F7: Red Flags | G7: Improvement vs Prev Month | H7: Award Eligible | I7: Rank | J7: Open Actions | K7: Overdue Actions
A8: Cluster 7A | B8: =IFERROR(INDEX(Cluster_Master!$A$4:$A$18,MATCH($A8,Cluster_Master!$B$4:$B$18,0)),"") -> 2 | C8: =IFERROR(INDEX(Cluster_Master!$C$4:$C$18,MATCH($A8,Cluster_Master!$B$4:$B$18,0)),"") -> TAJV | D8: =IF($B$4="","",IFERROR(AVERAGEIFS(Weekly_Inspections!$AJ$4:$AJ$996,Weekly_Inspections!$F$4:$F$996,$A8,Weekly_Inspections!$D$4:$D$996,$B$4),"")) | E8: =IF($B$4="","",IFERROR(AVERAGEIFS(Weekly_Inspections!$AK$4:$AK$996,Weekly_Inspections!$F$4:$F$996,$A8,Weekly_Inspections!$D$4:$D$996,$B$4),"")) | F8: =IF($B$4="","",COUNTIFS(Weekly_Inspections!$F$4:$F$996,$A8,Weekly_Inspections!$D$4:$D$996,$B$4,Weekly_Inspections!$AL$4:$AL$996,"YES")) -> 0 | G8: =IF(OR($B$4="",$B$5=""),"",IFERROR((D8-AVERAGEIFS(Weekly_Inspections!$AJ$4:$AJ$996,Weekly_Inspections!$F$4:$F$996,$A8,Weekly_Inspections!$D$4:$D$996,$B$5))/AVERAGEIFS(Weekly_Inspections!$AJ$4:$AJ$996,Weekly_Inspections!$F$4:$F$996,$A8,Weekly_Inspections!$D$4:$D$996,$B$5),"")) | H8: =IF(D8="","",IF(AND(F8=0,D8>=0.75),"YES","NO")) | I8: =IF(D8="","",RANK(D8,$D$8:$D$22,0)) | J8: =COUNTIFS(CAPA_Tracker!$D$4:$D$996,$A8,CAPA_Tracker!$M$4:$M$996,"<>Closed",CAPA_Tracker!$M$4:$M$996,"<>") -> 0 | K8: =COUNTIFS(CAPA_Tracker!$D$4:$D$996,$A8,CAPA_Tracker!$P$4:$P$996,"YES") -> 0
A9: Cluster 7B | B9: =IFERROR(INDEX(Cluster_Master!$A$4:$A$18,MATCH($A9,Cluster_Master!$B$4:$B$18,0)),"") -> 2 | C9: =IFERROR(INDEX(Cluster_Master!$C$4:$C$18,MATCH($A9,Cluster_Master!$B$4:$B$18,0)),"") -> TAJV | D9: =IF($B$4="","",IFERROR(AVERAGEIFS(Weekly_Inspections!$AJ$4:$AJ$996,Weekly_Inspections!$F$4:$F$996,$A9,Weekly_Inspections!$D$4:$D$996,$B$4),"")) | E9: =IF($B$4="","",IFERROR(AVERAGEIFS(Weekly_Inspections!$AK$4:$AK$996,Weekly_Inspections!$F$4:$F$996,$A9,Weekly_Inspections!$D$4:$D$996,$B$4),"")) | F9: =IF($B$4="","",COUNTIFS(Weekly_Inspections!$F$4:$F$996,$A9,Weekly_Inspections!$D$4:$D$996,$B$4,Weekly_Inspections!$AL$4:$AL$996,"YES")) -> 0 | G9: =IF(OR($B$4="",$B$5=""),"",IFERROR((D9-AVERAGEIFS(Weekly_Inspections!$AJ$4:$AJ$996,Weekly_Inspections!$F$4:$F$996,$A9,Weekly_Inspections!$D$4:$D$996,$B$5))/AVERAGEIFS(Weekly_Inspections!$AJ$4:$AJ$996,Weekly_Inspections!$F$4:$F$996,$A9,Weekly_Inspections!$D$4:$D$996,$B$5),"")) | H9: =IF(D9="","",IF(AND(F9=0,D9>=0.75),"YES","NO")) | I9: =IF(D9="","",RANK(D9,$D$8:$D$22,0)) | J9: =COUNTIFS(CAPA_Tracker!$D$4:$D$996,$A9,CAPA_Tracker!$M$4:$M$996,"<>Closed",CAPA_Tracker!$M$4:$M$996,"<>") -> 0 | K9: =COUNTIFS(CAPA_Tracker!$D$4:$D$996,$A9,CAPA_Tracker!$P$4:$P$996,"YES") -> 0
A10: Cluster 8A | B10: =IFERROR(INDEX(Cluster_Master!$A$4:$A$18,MATCH($A10,Cluster_Master!$B$4:$B$18,0)),"") -> 2 | C10: =IFERROR(INDEX(Cluster_Master!$C$4:$C$18,MATCH($A10,Cluster_Master!$B$4:$B$18,0)),"") -> TAJV | D10: =IF($B$4="","",IFERROR(AVERAGEIFS(Weekly_Inspections!$AJ$4:$AJ$996,Weekly_Inspections!$F$4:$F$996,$A10,Weekly_Inspections!$D$4:$D$996,$B$4),"")) -> 0.78666667 | E10: =IF($B$4="","",IFERROR(AVERAGEIFS(Weekly_Inspections!$AK$4:$AK$996,Weekly_Inspections!$F$4:$F$996,$A10,Weekly_Inspections!$D$4:$D$996,$B$4),"")) -> 0.794 | F10: =IF($B$4="","",COUNTIFS(Weekly_Inspections!$F$4:$F$996,$A10,Weekly_Inspections!$D$4:$D$996,$B$4,Weekly_Inspections!$AL$4:$AL$996,"YES")) -> 0 | G10: =IF(OR($B$4="",$B$5=""),"",IFERROR((D10-AVERAGEIFS(Weekly_Inspections!$AJ$4:$AJ$996,Weekly_Inspections!$F$4:$F$996,$A10,Weekly_Inspections!$D$4:$D$996,$B$5))/AVERAGEIFS(Weekly_Inspections!$AJ$4:$AJ$996,Weekly_Inspections!$F$4:$F$996,$A10,Weekly_Inspections!$D$4:$D$996,$B$5),"")) | H10: =IF(D10="","",IF(AND(F10=0,D10>=0.75),"YES","NO")) -> YES | I10: =IF(D10="","",RANK(D10,$D$8:$D$22,0)) -> 1 | J10: =COUNTIFS(CAPA_Tracker!$D$4:$D$996,$A10,CAPA_Tracker!$M$4:$M$996,"<>Closed",CAPA_Tracker!$M$4:$M$996,"<>") -> 1 | K10: =COUNTIFS(CAPA_Tracker!$D$4:$D$996,$A10,CAPA_Tracker!$P$4:$P$996,"YES") -> 0
A11: Cluster 8B | B11: =IFERROR(INDEX(Cluster_Master!$A$4:$A$18,MATCH($A11,Cluster_Master!$B$4:$B$18,0)),"") -> 2 | C11: =IFERROR(INDEX(Cluster_Master!$C$4:$C$18,MATCH($A11,Cluster_Master!$B$4:$B$18,0)),"") -> TAJV | D11: =IF($B$4="","",IFERROR(AVERAGEIFS(Weekly_Inspections!$AJ$4:$AJ$996,Weekly_Inspections!$F$4:$F$996,$A11,Weekly_Inspections!$D$4:$D$996,$B$4),"")) | E11: =IF($B$4="","",IFERROR(AVERAGEIFS(Weekly_Inspections!$AK$4:$AK$996,Weekly_Inspections!$F$4:$F$996,$A11,Weekly_Inspections!$D$4:$D$996,$B$4),"")) | F11: =IF($B$4="","",COUNTIFS(Weekly_Inspections!$F$4:$F$996,$A11,Weekly_Inspections!$D$4:$D$996,$B$4,Weekly_Inspections!$AL$4:$AL$996,"YES")) -> 0 | G11: =IF(OR($B$4="",$B$5=""),"",IFERROR((D11-AVERAGEIFS(Weekly_Inspections!$AJ$4:$AJ$996,Weekly_Inspections!$F$4:$F$996,$A11,Weekly_Inspections!$D$4:$D$996,$B$5))/AVERAGEIFS(Weekly_Inspections!$AJ$4:$AJ$996,Weekly_Inspections!$F$4:$F$996,$A11,Weekly_Inspections!$D$4:$D$996,$B$5),"")) | H11: =IF(D11="","",IF(AND(F11=0,D11>=0.75),"YES","NO")) | I11: =IF(D11="","",RANK(D11,$D$8:$D$22,0)) | J11: =COUNTIFS(CAPA_Tracker!$D$4:$D$996,$A11,CAPA_Tracker!$M$4:$M$996,"<>Closed",CAPA_Tracker!$M$4:$M$996,"<>") -> 0 | K11: =COUNTIFS(CAPA_Tracker!$D$4:$D$996,$A11,CAPA_Tracker!$P$4:$P$996,"YES") -> 0
A12: Cluster 8C | B12: =IFERROR(INDEX(Cluster_Master!$A$4:$A$18,MATCH($A12,Cluster_Master!$B$4:$B$18,0)),"") -> 2 | C12: =IFERROR(INDEX(Cluster_Master!$C$4:$C$18,MATCH($A12,Cluster_Master!$B$4:$B$18,0)),"") -> TAJV | D12: =IF($B$4="","",IFERROR(AVERAGEIFS(Weekly_Inspections!$AJ$4:$AJ$996,Weekly_Inspections!$F$4:$F$996,$A12,Weekly_Inspections!$D$4:$D$996,$B$4),"")) | E12: =IF($B$4="","",IFERROR(AVERAGEIFS(Weekly_Inspections!$AK$4:$AK$996,Weekly_Inspections!$F$4:$F$996,$A12,Weekly_Inspections!$D$4:$D$996,$B$4),"")) | F12: =IF($B$4="","",COUNTIFS(Weekly_Inspections!$F$4:$F$996,$A12,Weekly_Inspections!$D$4:$D$996,$B$4,Weekly_Inspections!$AL$4:$AL$996,"YES")) -> 0 | G12: =IF(OR($B$4="",$B$5=""),"",IFERROR((D12-AVERAGEIFS(Weekly_Inspections!$AJ$4:$AJ$996,Weekly_Inspections!$F$4:$F$996,$A12,Weekly_Inspections!$D$4:$D$996,$B$5))/AVERAGEIFS(Weekly_Inspections!$AJ$4:$AJ$996,Weekly_Inspections!$F$4:$F$996,$A12,Weekly_Inspections!$D$4:$D$996,$B$5),"")) | H12: =IF(D12="","",IF(AND(F12=0,D12>=0.75),"YES","NO")) | I12: =IF(D12="","",RANK(D12,$D$8:$D$22,0)) | J12: =COUNTIFS(CAPA_Tracker!$D$4:$D$996,$A12,CAPA_Tracker!$M$4:$M$996,"<>Closed",CAPA_Tracker!$M$4:$M$996,"<>") -> 0 | K12: =COUNTIFS(CAPA_Tracker!$D$4:$D$996,$A12,CAPA_Tracker!$P$4:$P$996,"YES") -> 0
A13: Cluster 8D | B13: =IFERROR(INDEX(Cluster_Master!$A$4:$A$18,MATCH($A13,Cluster_Master!$B$4:$B$18,0)),"") -> 2 | C13: =IFERROR(INDEX(Cluster_Master!$C$4:$C$18,MATCH($A13,Cluster_Master!$B$4:$B$18,0)),"") -> TAJV | D13: =IF($B$4="","",IFERROR(AVERAGEIFS(Weekly_Inspections!$AJ$4:$AJ$996,Weekly_Inspections!$F$4:$F$996,$A13,Weekly_Inspections!$D$4:$D$996,$B$4),"")) | E13: =IF($B$4="","",IFERROR(AVERAGEIFS(Weekly_Inspections!$AK$4:$AK$996,Weekly_Inspections!$F$4:$F$996,$A13,Weekly_Inspections!$D$4:$D$996,$B$4),"")) | F13: =IF($B$4="","",COUNTIFS(Weekly_Inspections!$F$4:$F$996,$A13,Weekly_Inspections!$D$4:$D$996,$B$4,Weekly_Inspections!$AL$4:$AL$996,"YES")) -> 0 | G13: =IF(OR($B$4="",$B$5=""),"",IFERROR((D13-AVERAGEIFS(Weekly_Inspections!$AJ$4:$AJ$996,Weekly_Inspections!$F$4:$F$996,$A13,Weekly_Inspections!$D$4:$D$996,$B$5))/AVERAGEIFS(Weekly_Inspections!$AJ$4:$AJ$996,Weekly_Inspections!$F$4:$F$996,$A13,Weekly_Inspections!$D$4:$D$996,$B$5),"")) | H13: =IF(D13="","",IF(AND(F13=0,D13>=0.75),"YES","NO")) | I13: =IF(D13="","",RANK(D13,$D$8:$D$22,0)) | J13: =COUNTIFS(CAPA_Tracker!$D$4:$D$996,$A13,CAPA_Tracker!$M$4:$M$996,"<>Closed",CAPA_Tracker!$M$4:$M$996,"<>") -> 0 | K13: =COUNTIFS(CAPA_Tracker!$D$4:$D$996,$A13,CAPA_Tracker!$P$4:$P$996,"YES") -> 0
A14: Cluster 3 | B14: =IFERROR(INDEX(Cluster_Master!$A$4:$A$18,MATCH($A14,Cluster_Master!$B$4:$B$18,0)),"") -> 3 | C14: =IFERROR(INDEX(Cluster_Master!$C$4:$C$18,MATCH($A14,Cluster_Master!$B$4:$B$18,0)),"") -> INNOVO | D14: =IF($B$4="","",IFERROR(AVERAGEIFS(Weekly_Inspections!$AJ$4:$AJ$996,Weekly_Inspections!$F$4:$F$996,$A14,Weekly_Inspections!$D$4:$D$996,$B$4),"")) | E14: =IF($B$4="","",IFERROR(AVERAGEIFS(Weekly_Inspections!$AK$4:$AK$996,Weekly_Inspections!$F$4:$F$996,$A14,Weekly_Inspections!$D$4:$D$996,$B$4),"")) | F14: =IF($B$4="","",COUNTIFS(Weekly_Inspections!$F$4:$F$996,$A14,Weekly_Inspections!$D$4:$D$996,$B$4,Weekly_Inspections!$AL$4:$AL$996,"YES")) -> 0 | G14: =IF(OR($B$4="",$B$5=""),"",IFERROR((D14-AVERAGEIFS(Weekly_Inspections!$AJ$4:$AJ$996,Weekly_Inspections!$F$4:$F$996,$A14,Weekly_Inspections!$D$4:$D$996,$B$5))/AVERAGEIFS(Weekly_Inspections!$AJ$4:$AJ$996,Weekly_Inspections!$F$4:$F$996,$A14,Weekly_Inspections!$D$4:$D$996,$B$5),"")) | H14: =IF(D14="","",IF(AND(F14=0,D14>=0.75),"YES","NO")) | I14: =IF(D14="","",RANK(D14,$D$8:$D$22,0)) | J14: =COUNTIFS(CAPA_Tracker!$D$4:$D$996,$A14,CAPA_Tracker!$M$4:$M$996,"<>Closed",CAPA_Tracker!$M$4:$M$996,"<>") -> 0 | K14: =COUNTIFS(CAPA_Tracker!$D$4:$D$996,$A14,CAPA_Tracker!$P$4:$P$996,"YES") -> 0
A15: Cluster 4 | B15: =IFERROR(INDEX(Cluster_Master!$A$4:$A$18,MATCH($A15,Cluster_Master!$B$4:$B$18,0)),"") -> 3 | C15: =IFERROR(INDEX(Cluster_Master!$C$4:$C$18,MATCH($A15,Cluster_Master!$B$4:$B$18,0)),"") -> INNOVO | D15: =IF($B$4="","",IFERROR(AVERAGEIFS(Weekly_Inspections!$AJ$4:$AJ$996,Weekly_Inspections!$F$4:$F$996,$A15,Weekly_Inspections!$D$4:$D$996,$B$4),"")) -> 0.54666667 | E15: =IF($B$4="","",IFERROR(AVERAGEIFS(Weekly_Inspections!$AK$4:$AK$996,Weekly_Inspections!$F$4:$F$996,$A15,Weekly_Inspections!$D$4:$D$996,$B$4),"")) -> 0.52 | F15: =IF($B$4="","",COUNTIFS(Weekly_Inspections!$F$4:$F$996,$A15,Weekly_Inspections!$D$4:$D$996,$B$4,Weekly_Inspections!$AL$4:$AL$996,"YES")) -> 1 | G15: =IF(OR($B$4="",$B$5=""),"",IFERROR((D15-AVERAGEIFS(Weekly_Inspections!$AJ$4:$AJ$996,Weekly_Inspections!$F$4:$F$996,$A15,Weekly_Inspections!$D$4:$D$996,$B$5))/AVERAGEIFS(Weekly_Inspections!$AJ$4:$AJ$996,Weekly_Inspections!$F$4:$F$996,$A15,Weekly_Inspections!$D$4:$D$996,$B$5),"")) | H15: =IF(D15="","",IF(AND(F15=0,D15>=0.75),"YES","NO")) -> NO | I15: =IF(D15="","",RANK(D15,$D$8:$D$22,0)) -> 2 | J15: =COUNTIFS(CAPA_Tracker!$D$4:$D$996,$A15,CAPA_Tracker!$M$4:$M$996,"<>Closed",CAPA_Tracker!$M$4:$M$996,"<>") -> 1 | K15: =COUNTIFS(CAPA_Tracker!$D$4:$D$996,$A15,CAPA_Tracker!$P$4:$P$996,"YES") -> 1
A16: Cluster 5 | B16: =IFERROR(INDEX(Cluster_Master!$A$4:$A$18,MATCH($A16,Cluster_Master!$B$4:$B$18,0)),"") -> 3 | C16: =IFERROR(INDEX(Cluster_Master!$C$4:$C$18,MATCH($A16,Cluster_Master!$B$4:$B$18,0)),"") -> INNOVO | D16: =IF($B$4="","",IFERROR(AVERAGEIFS(Weekly_Inspections!$AJ$4:$AJ$996,Weekly_Inspections!$F$4:$F$996,$A16,Weekly_Inspections!$D$4:$D$996,$B$4),"")) | E16: =IF($B$4="","",IFERROR(AVERAGEIFS(Weekly_Inspections!$AK$4:$AK$996,Weekly_Inspections!$F$4:$F$996,$A16,Weekly_Inspections!$D$4:$D$996,$B$4),"")) | F16: =IF($B$4="","",COUNTIFS(Weekly_Inspections!$F$4:$F$996,$A16,Weekly_Inspections!$D$4:$D$996,$B$4,Weekly_Inspections!$AL$4:$AL$996,"YES")) -> 0 | G16: =IF(OR($B$4="",$B$5=""),"",IFERROR((D16-AVERAGEIFS(Weekly_Inspections!$AJ$4:$AJ$996,Weekly_Inspections!$F$4:$F$996,$A16,Weekly_Inspections!$D$4:$D$996,$B$5))/AVERAGEIFS(Weekly_Inspections!$AJ$4:$AJ$996,Weekly_Inspections!$F$4:$F$996,$A16,Weekly_Inspections!$D$4:$D$996,$B$5),"")) | H16: =IF(D16="","",IF(AND(F16=0,D16>=0.75),"YES","NO")) | I16: =IF(D16="","",RANK(D16,$D$8:$D$22,0)) | J16: =COUNTIFS(CAPA_Tracker!$D$4:$D$996,$A16,CAPA_Tracker!$M$4:$M$996,"<>Closed",CAPA_Tracker!$M$4:$M$996,"<>") -> 0 | K16: =COUNTIFS(CAPA_Tracker!$D$4:$D$996,$A16,CAPA_Tracker!$P$4:$P$996,"YES") -> 0
A17: Cluster 6 | B17: =IFERROR(INDEX(Cluster_Master!$A$4:$A$18,MATCH($A17,Cluster_Master!$B$4:$B$18,0)),"") -> 3 | C17: =IFERROR(INDEX(Cluster_Master!$C$4:$C$18,MATCH($A17,Cluster_Master!$B$4:$B$18,0)),"") -> INNOVO | D17: =IF($B$4="","",IFERROR(AVERAGEIFS(Weekly_Inspections!$AJ$4:$AJ$996,Weekly_Inspections!$F$4:$F$996,$A17,Weekly_Inspections!$D$4:$D$996,$B$4),"")) -> 0.54666667 | E17: =IF($B$4="","",IFERROR(AVERAGEIFS(Weekly_Inspections!$AK$4:$AK$996,Weekly_Inspections!$F$4:$F$996,$A17,Weekly_Inspections!$D$4:$D$996,$B$4),"")) -> 0.52 | F17: =IF($B$4="","",COUNTIFS(Weekly_Inspections!$F$4:$F$996,$A17,Weekly_Inspections!$D$4:$D$996,$B$4,Weekly_Inspections!$AL$4:$AL$996,"YES")) -> 1 | G17: =IF(OR($B$4="",$B$5=""),"",IFERROR((D17-AVERAGEIFS(Weekly_Inspections!$AJ$4:$AJ$996,Weekly_Inspections!$F$4:$F$996,$A17,Weekly_Inspections!$D$4:$D$996,$B$5))/AVERAGEIFS(Weekly_Inspections!$AJ$4:$AJ$996,Weekly_Inspections!$F$4:$F$996,$A17,Weekly_Inspections!$D$4:$D$996,$B$5),"")) | H17: =IF(D17="","",IF(AND(F17=0,D17>=0.75),"YES","NO")) -> NO | I17: =IF(D17="","",RANK(D17,$D$8:$D$22,0)) -> 2 | J17: =COUNTIFS(CAPA_Tracker!$D$4:$D$996,$A17,CAPA_Tracker!$M$4:$M$996,"<>Closed",CAPA_Tracker!$M$4:$M$996,"<>") -> 1 | K17: =COUNTIFS(CAPA_Tracker!$D$4:$D$996,$A17,CAPA_Tracker!$P$4:$P$996,"YES") -> 1
A18: Cluster 1A | B18: =IFERROR(INDEX(Cluster_Master!$A$4:$A$18,MATCH($A18,Cluster_Master!$B$4:$B$18,0)),"") -> 4 | C18: =IFERROR(INDEX(Cluster_Master!$C$4:$C$18,MATCH($A18,Cluster_Master!$B$4:$B$18,0)),"") -> TAJV | D18: =IF($B$4="","",IFERROR(AVERAGEIFS(Weekly_Inspections!$AJ$4:$AJ$996,Weekly_Inspections!$F$4:$F$996,$A18,Weekly_Inspections!$D$4:$D$996,$B$4),"")) -> 0.54666667 | E18: =IF($B$4="","",IFERROR(AVERAGEIFS(Weekly_Inspections!$AK$4:$AK$996,Weekly_Inspections!$F$4:$F$996,$A18,Weekly_Inspections!$D$4:$D$996,$B$4),"")) -> 0.52 | F18: =IF($B$4="","",COUNTIFS(Weekly_Inspections!$F$4:$F$996,$A18,Weekly_Inspections!$D$4:$D$996,$B$4,Weekly_Inspections!$AL$4:$AL$996,"YES")) -> 1 | G18: =IF(OR($B$4="",$B$5=""),"",IFERROR((D18-AVERAGEIFS(Weekly_Inspections!$AJ$4:$AJ$996,Weekly_Inspections!$F$4:$F$996,$A18,Weekly_Inspections!$D$4:$D$996,$B$5))/AVERAGEIFS(Weekly_Inspections!$AJ$4:$AJ$996,Weekly_Inspections!$F$4:$F$996,$A18,Weekly_Inspections!$D$4:$D$996,$B$5),"")) | H18: =IF(D18="","",IF(AND(F18=0,D18>=0.75),"YES","NO")) -> NO | I18: =IF(D18="","",RANK(D18,$D$8:$D$22,0)) -> 2 | J18: =COUNTIFS(CAPA_Tracker!$D$4:$D$996,$A18,CAPA_Tracker!$M$4:$M$996,"<>Closed",CAPA_Tracker!$M$4:$M$996,"<>") -> 1 | K18: =COUNTIFS(CAPA_Tracker!$D$4:$D$996,$A18,CAPA_Tracker!$P$4:$P$996,"YES") -> 1
A19: Cluster 1B | B19: =IFERROR(INDEX(Cluster_Master!$A$4:$A$18,MATCH($A19,Cluster_Master!$B$4:$B$18,0)),"") -> 4 | C19: =IFERROR(INDEX(Cluster_Master!$C$4:$C$18,MATCH($A19,Cluster_Master!$B$4:$B$18,0)),"") -> TAJV | D19: =IF($B$4="","",IFERROR(AVERAGEIFS(Weekly_Inspections!$AJ$4:$AJ$996,Weekly_Inspections!$F$4:$F$996,$A19,Weekly_Inspections!$D$4:$D$996,$B$4),"")) -> 0.54666667 | E19: =IF($B$4="","",IFERROR(AVERAGEIFS(Weekly_Inspections!$AK$4:$AK$996,Weekly_Inspections!$F$4:$F$996,$A19,Weekly_Inspections!$D$4:$D$996,$B$4),"")) -> 0.52 | F19: =IF($B$4="","",COUNTIFS(Weekly_Inspections!$F$4:$F$996,$A19,Weekly_Inspections!$D$4:$D$996,$B$4,Weekly_Inspections!$AL$4:$AL$996,"YES")) -> 1 | G19: =IF(OR($B$4="",$B$5=""),"",IFERROR((D19-AVERAGEIFS(Weekly_Inspections!$AJ$4:$AJ$996,Weekly_Inspections!$F$4:$F$996,$A19,Weekly_Inspections!$D$4:$D$996,$B$5))/AVERAGEIFS(Weekly_Inspections!$AJ$4:$AJ$996,Weekly_Inspections!$F$4:$F$996,$A19,Weekly_Inspections!$D$4:$D$996,$B$5),"")) | H19: =IF(D19="","",IF(AND(F19=0,D19>=0.75),"YES","NO")) -> NO | I19: =IF(D19="","",RANK(D19,$D$8:$D$22,0)) -> 2 | J19: =COUNTIFS(CAPA_Tracker!$D$4:$D$996,$A19,CAPA_Tracker!$M$4:$M$996,"<>Closed",CAPA_Tracker!$M$4:$M$996,"<>") -> 1 | K19: =COUNTIFS(CAPA_Tracker!$D$4:$D$996,$A19,CAPA_Tracker!$P$4:$P$996,"YES") -> 1
... A22: Cluster 2C | B22: =IFERROR(INDEX(Cluster_Master!$A$4:$A$18,MATCH($A22,Cluster_Master!$B$4:$B$18,0)),"") -> 4 | C22: =IFERROR(INDEX(Cluster_Master!$C$4:$C$18,MATCH($A22,Cluster_Master!$B$4:$B$18,0)),"") -> TAJV | D22: =IF($B$4="","",IFERROR(AVERAGEIFS(Weekly_Inspections!$AJ$4:$AJ$996,Weekly_Inspections!$F$4:$F$996,$A22,Weekly_Inspections!$D$4:$D$996,$B$4),"")) | E22: =IF($B$4="","",IFERROR(AVERAGEIFS(Weekly_Inspections!$AK$4:$AK$996,Weekly_Inspections!$F$4:$F$996,$A22,Weekly_Inspections!$D$4:$D$996,$B$4),"")) | F22: =IF($B$4="","",COUNTIFS(Weekly_Inspections!$F$4:$F$996,$A22,Weekly_Inspections!$D$4:$D$996,$B$4,Weekly_Inspections!$AL$4:$AL$996,"YES")) -> 0 | G22: =IF(OR($B$4="",$B$5=""),"",IFERROR((D22-AVERAGEIFS(Weekly_Inspections!$AJ$4:$AJ$996,Weekly_Inspections!$F$4:$F$996,$A22,Weekly_Inspections!$D$4:$D$996,$B$5))/AVERAGEIFS(Weekly_Inspections!$AJ$4:$AJ$996,Weekly_Inspections!$F$4:$F$996,$A22,Weekly_Inspections!$D$4:$D$996,$B$5),"")) | H22: =IF(D22="","",IF(AND(F22=0,D22>=0.75),"YES","NO")) | I22: =IF(D22="","",RANK(D22,$D$8:$D$22,0)) | J22: =COUNTIFS(CAPA_Tracker!$D$4:$D$996,$A22,CAPA_Tracker!$M$4:$M$996,"<>Closed",CAPA_Tracker!$M$4:$M$996,"<>") -> 0 | K22: =COUNTIFS(CAPA_Tracker!$D$4:$D$996,$A22,CAPA_Tracker!$P$4:$P$996,"YES") -> 0

Sheet Gap_Analysis
A1: Gap Analysis
A2: Use the control week and month to identify recurring gaps, weak KPIs and likely root causes. This supports weekly corrective and preventive action planning.
A4: Selected Week No | B4: =Weekly_Dashboard!$B$5 -> 14
A5: Selected Month (yyyy-mm) | B5: =Weekly_Dashboard!$B$6 -> 2026-03
A7: KPI | B7: Week Avg Score | C7: Month Avg Score | D7: Week Gap to 5 | E7: Month Gap to 5 | F7: Week Red Flags | G7: Month Red Flags | H7: Focus
A8: Work at Height Control | B8: =IF($B$4="","",IFERROR(AVERAGEIFS(Weekly_Inspections!$T$4:$T$996,Weekly_Inspections!$C$4:$C$996,$B$4),"")) -> 3 | C8: =IF($B$5="","",IFERROR(AVERAGEIFS(Weekly_Inspections!$T$4:$T$996,Weekly_Inspections!$D$4:$D$996,$B$5),"")) -> 3 | D8: =IF(B8="","",5-B8) -> 2 | E8: =IF(C8="","",5-C8) -> 2 | F8: =IF($B$4="","",COUNTIFS(Weekly_Inspections!$T$4:$T$996,"<=1",Weekly_Inspections!$C$4:$C$996,$B$4)) -> 0 | G8: =IF($B$5="","",COUNTIFS(Weekly_Inspections!$T$4:$T$996,"<=1",Weekly_Inspections!$D$4:$D$996,$B$5)) -> 0 | H8: =IF(OR(D8="",E8=""),"",IF(OR(D8>=3,E8>=3),"Immediate attention","Monitor")) -> Monitor
A9: Edge Protection | B9: =IF($B$4="","",IFERROR(AVERAGEIFS(Weekly_Inspections!$U$4:$U$996,Weekly_Inspections!$C$4:$C$996,$B$4),"")) -> 2 | C9: =IF($B$5="","",IFERROR(AVERAGEIFS(Weekly_Inspections!$U$4:$U$996,Weekly_Inspections!$D$4:$D$996,$B$5),"")) -> 2.3333333 | D9: =IF(B9="","",5-B9) -> 3 | E9: =IF(C9="","",5-C9) -> 2.6666667 | F9: =IF($B$4="","",COUNTIFS(Weekly_Inspections!$U$4:$U$996,"<=1",Weekly_Inspections!$C$4:$C$996,$B$4)) -> 0 | G9: =IF($B$5="","",COUNTIFS(Weekly_Inspections!$U$4:$U$996,"<=1",Weekly_Inspections!$D$4:$D$996,$B$5)) -> 0 | H9: =IF(OR(D9="",E9=""),"",IF(OR(D9>=3,E9>=3),"Immediate attention","Monitor")) -> Immediate attention
A10: Falling Object Prevention | B10: =IF($B$4="","",IFERROR(AVERAGEIFS(Weekly_Inspections!$V$4:$V$996,Weekly_Inspections!$C$4:$C$996,$B$4),"")) -> 3 | C10: =IF($B$5="","",IFERROR(AVERAGEIFS(Weekly_Inspections!$V$4:$V$996,Weekly_Inspections!$D$4:$D$996,$B$5),"")) -> 3.1666667 | D10: =IF(B10="","",5-B10) -> 2 | E10: =IF(C10="","",5-C10) -> 1.8333333 | F10: =IF($B$4="","",COUNTIFS(Weekly_Inspections!$V$4:$V$996,"<=1",Weekly_Inspections!$C$4:$C$996,$B$4)) -> 0 | G10: =IF($B$5="","",COUNTIFS(Weekly_Inspections!$V$4:$V$996,"<=1",Weekly_Inspections!$D$4:$D$996,$B$5)) -> 0 | H10: =IF(OR(D10="",E10=""),"",IF(OR(D10>=3,E10>=3),"Immediate attention","Monitor")) -> Monitor
A11: Excavation Safety | B11: =IF($B$4="","",IFERROR(AVERAGEIFS(Weekly_Inspections!$W$4:$W$996,Weekly_Inspections!$C$4:$C$996,$B$4),"")) -> 3 | C11: =IF($B$5="","",IFERROR(AVERAGEIFS(Weekly_Inspections!$W$4:$W$996,Weekly_Inspections!$D$4:$D$996,$B$5),"")) -> 3.1666667 | D11: =IF(B11="","",5-B11) -> 2 | E11: =IF(C11="","",5-C11) -> 1.8333333 | F11: =IF($B$4="","",COUNTIFS(Weekly_Inspections!$W$4:$W$996,"<=1",Weekly_Inspections!$C$4:$C$996,$B$4)) -> 0 | G11: =IF($B$5="","",COUNTIFS(Weekly_Inspections!$W$4:$W$996,"<=1",Weekly_Inspections!$D$4:$D$996,$B$5)) -> 0 | H11: =IF(OR(D11="",E11=""),"",IF(OR(D11>=3,E11>=3),"Immediate attention","Monitor")) -> Monitor
A12: Scaffolding Compliance | B12: =IF($B$4="","",IFERROR(AVERAGEIFS(Weekly_Inspections!$X$4:$X$996,Weekly_Inspections!$C$4:$C$996,$B$4),"")) -> 2 | C12: =IF($B$5="","",IFERROR(AVERAGEIFS(Weekly_Inspections!$X$4:$X$996,Weekly_Inspections!$D$4:$D$996,$B$5),"")) -> 2.3333333 | D12: =IF(B12="","",5-B12) -> 3 | E12: =IF(C12="","",5-C12) -> 2.6666667 | F12: =IF($B$4="","",COUNTIFS(Weekly_Inspections!$X$4:$X$996,"<=1",Weekly_Inspections!$C$4:$C$996,$B$4)) -> 0 | G12: =IF($B$5="","",COUNTIFS(Weekly_Inspections!$X$4:$X$996,"<=1",Weekly_Inspections!$D$4:$D$996,$B$5)) -> 0 | H12: =IF(OR(D12="",E12=""),"",IF(OR(D12>=3,E12>=3),"Immediate attention","Monitor")) -> Immediate attention
A13: PTW Implementation | B13: =IF($B$4="","",IFERROR(AVERAGEIFS(Weekly_Inspections!$Y$4:$Y$996,Weekly_Inspections!$C$4:$C$996,$B$4),"")) -> 4 | C13: =IF($B$5="","",IFERROR(AVERAGEIFS(Weekly_Inspections!$Y$4:$Y$996,Weekly_Inspections!$D$4:$D$996,$B$5),"")) -> 3.8333333 | D13: =IF(B13="","",5-B13) -> 1 | E13: =IF(C13="","",5-C13) -> 1.1666667 | F13: =IF($B$4="","",COUNTIFS(Weekly_Inspections!$Y$4:$Y$996,"<=1",Weekly_Inspections!$C$4:$C$996,$B$4)) -> 0 | G13: =IF($B$5="","",COUNTIFS(Weekly_Inspections!$Y$4:$Y$996,"<=1",Weekly_Inspections!$D$4:$D$996,$B$5)) -> 0 | H13: =IF(OR(D13="",E13=""),"",IF(OR(D13>=3,E13>=3),"Immediate attention","Monitor")) -> Monitor
A14: PTW Field Verification | B14: =IF($B$4="","",IFERROR(AVERAGEIFS(Weekly_Inspections!$Z$4:$Z$996,Weekly_Inspections!$C$4:$C$996,$B$4),"")) -> 3 | C14: =IF($B$5="","",IFERROR(AVERAGEIFS(Weekly_Inspections!$Z$4:$Z$996,Weekly_Inspections!$D$4:$D$996,$B$5),"")) -> 2.8333333 | D14: =IF(B14="","",5-B14) -> 2 | E14: =IF(C14="","",5-C14) -> 2.1666667 | F14: =IF($B$4="","",COUNTIFS(Weekly_Inspections!$Z$4:$Z$996,"<=1",Weekly_Inspections!$C$4:$C$996,$B$4)) -> 0 | G14: =IF($B$5="","",COUNTIFS(Weekly_Inspections!$Z$4:$Z$996,"<=1",Weekly_Inspections!$D$4:$D$996,$B$5)) -> 1 | H14: =IF(OR(D14="",E14=""),"",IF(OR(D14>=3,E14>=3),"Immediate attention","Monitor")) -> Monitor
A15: MSRA Quality | B15: =IF($B$4="","",IFERROR(AVERAGEIFS(Weekly_Inspections!$AA$4:$AA$996,Weekly_Inspections!$C$4:$C$996,$B$4),"")) -> 5 | C15: =IF($B$5="","",IFERROR(AVERAGEIFS(Weekly_Inspections!$AA$4:$AA$996,Weekly_Inspections!$D$4:$D$996,$B$5),"")) -> 4.5 | D15: =IF(B15="","",5-B15) -> 0 | E15: =IF(C15="","",5-C15) -> 0.5 | F15: =IF($B$4="","",COUNTIFS(Weekly_Inspections!$AA$4:$AA$996,"<=1",Weekly_Inspections!$C$4:$C$996,$B$4)) -> 0 | G15: =IF($B$5="","",COUNTIFS(Weekly_Inspections!$AA$4:$AA$996,"<=1",Weekly_Inspections!$D$4:$D$996,$B$5)) -> 0 | H15: =IF(OR(D15="",E15=""),"",IF(OR(D15>=3,E15>=3),"Immediate attention","Monitor")) -> Monitor
A16: Lifting/Precast Installation | B16: =IF($B$4="","",IFERROR(AVERAGEIFS(Weekly_Inspections!$AB$4:$AB$996,Weekly_Inspections!$C$4:$C$996,$B$4),"")) -> 1 | C16: =IF($B$5="","",IFERROR(AVERAGEIFS(Weekly_Inspections!$AB$4:$AB$996,Weekly_Inspections!$D$4:$D$996,$B$5),"")) -> 1.6 | D16: =IF(B16="","",5-B16) -> 4 | E16: =IF(C16="","",5-C16) -> 3.4 | F16: =IF($B$4="","",COUNTIFS(Weekly_Inspections!$AB$4:$AB$996,"<=1",Weekly_Inspections!$C$4:$C$996,$B$4)) -> 4 | G16: =IF($B$5="","",COUNTIFS(Weekly_Inspections!$AB$4:$AB$996,"<=1",Weekly_Inspections!$D$4:$D$996,$B$5)) -> 4 | H16: =IF(OR(D16="",E16=""),"",IF(OR(D16>=3,E16>=3),"Immediate attention","Monitor")) -> Immediate attention
A17: Traffic & Man-Machine Interface | B17: =IF($B$4="","",IFERROR(AVERAGEIFS(Weekly_Inspections!$AC$4:$AC$996,Weekly_Inspections!$C$4:$C$996,$B$4),"")) -> 2 | C17: =IF($B$5="","",IFERROR(AVERAGEIFS(Weekly_Inspections!$AC$4:$AC$996,Weekly_Inspections!$D$4:$D$996,$B$5),"")) -> 2.5 | D17: =IF(B17="","",5-B17) -> 3 | E17: =IF(C17="","",5-C17) -> 2.5 | F17: =IF($B$4="","",COUNTIFS(Weekly_Inspections!$AC$4:$AC$996,"<=1",Weekly_Inspections!$C$4:$C$996,$B$4)) -> 0 | G17: =IF($B$5="","",COUNTIFS(Weekly_Inspections!$AC$4:$AC$996,"<=1",Weekly_Inspections!$D$4:$D$996,$B$5)) -> 0 | H17: =IF(OR(D17="",E17=""),"",IF(OR(D17>=3,E17>=3),"Immediate attention","Monitor")) -> Immediate attention
A18: Housekeeping/Waste Management | B18: =IF($B$4="","",IFERROR(AVERAGEIFS(Weekly_Inspections!$AD$4:$AD$996,Weekly_Inspections!$C$4:$C$996,$B$4),"")) -> 4 | C18: =IF($B$5="","",IFERROR(AVERAGEIFS(Weekly_Inspections!$AD$4:$AD$996,Weekly_Inspections!$D$4:$D$996,$B$5),"")) -> 3.5 | D18: =IF(B18="","",5-B18) -> 1 | E18: =IF(C18="","",5-C18) -> 1.5 | F18: =IF($B$4="","",COUNTIFS(Weekly_Inspections!$AD$4:$AD$996,"<=1",Weekly_Inspections!$C$4:$C$996,$B$4)) -> 0 | G18: =IF($B$5="","",COUNTIFS(Weekly_Inspections!$AD$4:$AD$996,"<=1",Weekly_Inspections!$D$4:$D$996,$B$5)) -> 1 | H18: =IF(OR(D18="",E18=""),"",IF(OR(D18>=3,E18>=3),"Immediate attention","Monitor")) -> Monitor
A19: Welfare Arrangement | B19: =IF($B$4="","",IFERROR(AVERAGEIFS(Weekly_Inspections!$AE$4:$AE$996,Weekly_Inspections!$C$4:$C$996,$B$4),"")) -> 2 | C19: =IF($B$5="","",IFERROR(AVERAGEIFS(Weekly_Inspections!$AE$4:$AE$996,Weekly_Inspections!$D$4:$D$996,$B$5),"")) -> 2 | D19: =IF(B19="","",5-B19) -> 3 | E19: =IF(C19="","",5-C19) -> 3 | F19: =IF($B$4="","",COUNTIFS(Weekly_Inspections!$AE$4:$AE$996,"<=1",Weekly_Inspections!$C$4:$C$996,$B$4)) -> 0 | G19: =IF($B$5="","",COUNTIFS(Weekly_Inspections!$AE$4:$AE$996,"<=1",Weekly_Inspections!$D$4:$D$996,$B$5)) -> 1 | H19: =IF(OR(D19="",E19=""),"",IF(OR(D19>=3,E19>=3),"Immediate attention","Monitor")) -> Immediate attention
A20: Fire Readiness | B20: =IF($B$4="","",IFERROR(AVERAGEIFS(Weekly_Inspections!$AF$4:$AF$996,Weekly_Inspections!$C$4:$C$996,$B$4),"")) -> 3 | C20: =IF($B$5="","",IFERROR(AVERAGEIFS(Weekly_Inspections!$AF$4:$AF$996,Weekly_Inspections!$D$4:$D$996,$B$5),"")) -> 3 | D20: =IF(B20="","",5-B20) -> 2 | E20: =IF(C20="","",5-C20) -> 2 | F20: =IF($B$4="","",COUNTIFS(Weekly_Inspections!$AF$4:$AF$996,"<=1",Weekly_Inspections!$C$4:$C$996,$B$4)) -> 0 | G20: =IF($B$5="","",COUNTIFS(Weekly_Inspections!$AF$4:$AF$996,"<=1",Weekly_Inspections!$D$4:$D$996,$B$5)) -> 0 | H20: =IF(OR(D20="",E20=""),"",IF(OR(D20>=3,E20>=3),"Immediate attention","Monitor")) -> Monitor
A21: Supervision & Subcontractor Control | B21: =IF($B$4="","",IFERROR(AVERAGEIFS(Weekly_Inspections!$AG$4:$AG$996,Weekly_Inspections!$C$4:$C$996,$B$4),"")) -> 1 | C21: =IF($B$5="","",IFERROR(AVERAGEIFS(Weekly_Inspections!$AG$4:$AG$996,Weekly_Inspections!$D$4:$D$996,$B$5),"")) -> 1.5 | D21: =IF(B21="","",5-B21) -> 4 | E21: =IF(C21="","",5-C21) -> 3.5 | F21: =IF($B$4="","",COUNTIFS(Weekly_Inspections!$AG$4:$AG$996,"<=1",Weekly_Inspections!$C$4:$C$996,$B$4)) -> 4 | G21: =IF($B$5="","",COUNTIFS(Weekly_Inspections!$AG$4:$AG$996,"<=1",Weekly_Inspections!$D$4:$D$996,$B$5)) -> 5 | H21: =IF(OR(D21="",E21=""),"",IF(OR(D21>=3,E21>=3),"Immediate attention","Monitor")) -> Immediate attention
A22: Temporary Electrical & Tool Safety | B22: =IF($B$4="","",IFERROR(AVERAGEIFS(Weekly_Inspections!$AH$4:$AH$996,Weekly_Inspections!$C$4:$C$996,$B$4),"")) -> 3 | C22: =IF($B$5="","",IFERROR(AVERAGEIFS(Weekly_Inspections!$AH$4:$AH$996,Weekly_Inspections!$D$4:$D$996,$B$5),"")) -> 3 | D22: =IF(B22="","",5-B22) -> 2 | E22: =IF(C22="","",5-C22) -> 2 | F22: =IF($B$4="","",COUNTIFS(Weekly_Inspections!$AH$4:$AH$996,"<=1",Weekly_Inspections!$C$4:$C$996,$B$4)) -> 0 | G22: =IF($B$5="","",COUNTIFS(Weekly_Inspections!$AH$4:$AH$996,"<=1",Weekly_Inspections!$D$4:$D$996,$B$5)) -> 0 | H22: =IF(OR(D22="",E22=""),"",IF(OR(D22>=3,E22>=3),"Immediate attention","Monitor")) -> Monitor
A25: Root Cause | B25: Week Count | C25: Month Count | D25: Comment
A26: Leadership failure | B26: =IF($B$4="","",COUNTIFS(Weekly_Inspections!$AP$4:$AP$499,$A26,Weekly_Inspections!$C$4:$C$499,$B$4)) -> 0 | C26: =IF($B$5="","",COUNTIFS(Weekly_Inspections!$AP$4:$AP$499,$A26,Weekly_Inspections!$D$4:$D$499,$B$5)) -> 1
A27: Poor supervision | B27: =IF($B$4="","",COUNTIFS(Weekly_Inspections!$AP$4:$AP$499,$A27,Weekly_Inspections!$C$4:$C$499,$B$4)) -> 4 | C27: =IF($B$5="","",COUNTIFS(Weekly_Inspections!$AP$4:$AP$499,$A27,Weekly_Inspections!$D$4:$D$499,$B$5)) -> 4
A28: Poor planning | B28: =IF($B$4="","",COUNTIFS(Weekly_Inspections!$AP$4:$AP$499,$A28,Weekly_Inspections!$C$4:$C$499,$B$4)) -> 0 | C28: =IF($B$5="","",COUNTIFS(Weekly_Inspections!$AP$4:$AP$499,$A28,Weekly_Inspections!$D$4:$D$499,$B$5)) -> 0
A29: PTW failure | B29: =IF($B$4="","",COUNTIFS(Weekly_Inspections!$AP$4:$AP$499,$A29,Weekly_Inspections!$C$4:$C$499,$B$4)) -> 0 | C29: =IF($B$5="","",COUNTIFS(Weekly_Inspections!$AP$4:$AP$499,$A29,Weekly_Inspections!$D$4:$D$499,$B$5)) -> 0
A30: Weak MSRA | B30: =IF($B$4="","",COUNTIFS(Weekly_Inspections!$AP$4:$AP$499,$A30,Weekly_Inspections!$C$4:$C$499,$B$4)) -> 0 | C30: =IF($B$5="","",COUNTIFS(Weekly_Inspections!$AP$4:$AP$499,$A30,Weekly_Inspections!$D$4:$D$499,$B$5)) -> 0
A31: Poor subcontractor control | B31: =IF($B$4="","",COUNTIFS(Weekly_Inspections!$AP$4:$AP$499,$A31,Weekly_Inspections!$C$4:$C$499,$B$4)) -> 0 | C31: =IF($B$5="","",COUNTIFS(Weekly_Inspections!$AP$4:$AP$499,$A31,Weekly_Inspections!$D$4:$D$499,$B$5)) -> 0
A32: Resource constraint | B32: =IF($B$4="","",COUNTIFS(Weekly_Inspections!$AP$4:$AP$499,$A32,Weekly_Inspections!$C$4:$C$499,$B$4)) -> 0 | C32: =IF($B$5="","",COUNTIFS(Weekly_Inspections!$AP$4:$AP$499,$A32,Weekly_Inspections!$D$4:$D$499,$B$5)) -> 0
A33: Inadequate competence | B33: =IF($B$4="","",COUNTIFS(Weekly_Inspections!$AP$4:$AP$499,$A33,Weekly_Inspections!$C$4:$C$499,$B$4)) -> 0 | C33: =IF($B$5="","",COUNTIFS(Weekly_Inspections!$AP$4:$AP$499,$A33,Weekly_Inspections!$D$4:$D$499,$B$5)) -> 0
A34: Poor housekeeping culture | B34: =IF($B$4="","",COUNTIFS(Weekly_Inspections!$AP$4:$AP$499,$A34,Weekly_Inspections!$C$4:$C$499,$B$4)) -> 0 | C34: =IF($B$5="","",COUNTIFS(Weekly_Inspections!$AP$4:$AP$499,$A34,Weekly_Inspections!$D$4:$D$499,$B$5)) -> 0
A35: Interface / simultaneous activity conflict | B35: =IF($B$4="","",COUNTIFS(Weekly_Inspections!$AP$4:$AP$499,$A35,Weekly_Inspections!$C$4:$C$499,$B$4)) -> 0 | C35: =IF($B$5="","",COUNTIFS(Weekly_Inspections!$AP$4:$AP$499,$A35,Weekly_Inspections!$D$4:$D$499,$B$5)) -> 0
A36: Other | B36: =IF($B$4="","",COUNTIFS(Weekly_Inspections!$AP$4:$AP$499,$A36,Weekly_Inspections!$C$4:$C$499,$B$4)) -> 0 | C36: =IF($B$5="","",COUNTIFS(Weekly_Inspections!$AP$4:$AP$499,$A36,Weekly_Inspections!$D$4:$D$499,$B$5)) -> 1

Sheet CAPA_Tracker
A1: Corrective and Preventive Action (CAPA) Tracker
A2: Automated from Weekly_Inspections. Each inspection row with a recorded gap/action appears here automatically. Close Date can be updated manually if you want to mark an action closed.
A3: Action_ID | B3: Date_Raised | C3: Package | D3: Cluster | E3: Contractor | F3: KPI_Area | G3: Finding | H3: Root_Cause | I3: Immediate_Action | J3: Preventive_Action | K3: Action_Owner | L3: Target_Date | M3: Status | N3: Close_Date | O3: Days_Open | P3: Overdue_Flag | Q3: Evidence_Link
A4: =IF(Weekly_Inspections!$B4="","",Weekly_Inspections!$A4&"-A1") -> 20260326-Cluster2A-01-A1 | B4: =Weekly_Inspections!$B4 -> 46107 | C4: =Weekly_Inspections!$E4 -> 4 | D4: =Weekly_Inspections!$F4 -> Cluster 2A | E4: =Weekly_Inspections!$H4 -> TAJV | F4: =IF(Weekly_Inspections!$AX4<>"",Weekly_Inspections!$AX4,IF(Weekly_Inspections!$AY4<>"",Weekly_Inspections!$AY4,IF(Weekly_Inspections!$AZ4<>"",Weekly_Inspections!$AZ4,IF(Weekly_Inspections!$BA4<>"",Weekly_Inspections!$BA4,IF(Weekly_Inspections!$BB4<>"",Weekly_Inspections!$BB4,Weekly_Inspections!$R4))))) -> Work at Height | G4: =IF(OR(Weekly_Inspections!$AQ4<>"",Weekly_Inspections!$AR4<>"",Weekly_Inspections!$AS4<>""),Weekly_Inspections!$AQ4,"") -> 1. Leadership failure 2. Poor supervision 3. Poor sub-contractor control 4. PTW failure | H4: =Weekly_Inspections!$AP4 -> Leadership failure | I4: =Weekly_Inspections!$AR4 -> Unsafe work practices were suspended immediately. The CM of the cluster was called but he refused to visit the location. | J4: =Weekly_Inspections!$AS4 -> 1. PTW must be controlled by the main contractor. 2. Close supervision of sub-contractors by main contractor shall be ensured. 3. Non-performing subcontractors shall not be paid and shall be removed from project. 4. Non-performing construction team shall be replaced without delays | K4: =Weekly_Inspections!$AU4 -> 1-3rd recommendation by the cluster CM 4th recommendation by the PD. | L4: =Weekly_Inspections!$AV4 -> 46114 | M4: =IF($B4="","",IF($N4<>"","Closed",IF(OR($G4<>"",$I4<>"",$J4<>""),"Open",""))) -> Open | O4: =IF($B4="","",IF($M4="Closed",IF($N4="","",$N4-$B4),TODAY()-$B4)) -> 6 | P4: =IF(OR($B4="",$L4="",$M4="Closed"),"",IF(TODAY()>$L4,"YES","NO")) -> NO | Q4: =Weekly_Inspections!$AW4 -> 0
A5: =IF(Weekly_Inspections!$B5="","",Weekly_Inspections!$A5&"-A1") -> 20260326-Cluster8A-01-A1 | B5: =Weekly_Inspections!$B5 -> 46107 | C5: =Weekly_Inspections!$E5 -> 2 | D5: =Weekly_Inspections!$F5 -> Cluster 8A | E5: =Weekly_Inspections!$H5 -> TAJV | F5: =IF(Weekly_Inspections!$AX5<>"",Weekly_Inspections!$AX5,IF(Weekly_Inspections!$AY5<>"",Weekly_Inspections!$AY5,IF(Weekly_Inspections!$AZ5<>"",Weekly_Inspections!$AZ5,IF(Weekly_Inspections!$BA5<>"",Weekly_Inspections!$BA5,IF(Weekly_Inspections!$BB5<>"",Weekly_Inspections!$BB5,Weekly_Inspections!$R5))))) -> Scaffolding | G5: =IF(OR(Weekly_Inspections!$AQ5<>"",Weekly_Inspections!$AR5<>"",Weekly_Inspections!$AS5<>""),Weekly_Inspections!$AQ5,"") -> No significant gap observed | H5: =Weekly_Inspections!$AP5 -> Other | I5: =Weekly_Inspections!$AR5 -> The team was commended for their visible leadership in driving transformation at Cluster 8A. | J5: =Weekly_Inspections!$AS5 -> The Construction Manager and his team were advised to ensure that sub-contractors do not mess up with their site. The following advise was given: 1. No payment for work if site condition is below the acceptable standard. 2. Close supervision of sub-contractors by the construction team of the main contractor. 3. Housekeeping shall be maintined for all shift. 4. Provide a temporary storage area for waste for each villa. 5. PTW shall remain under the control of the main contractor. | K5: =Weekly_Inspections!$AU5 -> Construction Manager of Cluster 8A HSE Manager of TAJV | L5: =Weekly_Inspections!$AV5 -> Always | M5: =IF($B5="","",IF($N5<>"","Closed",IF(OR($G5<>"",$I5<>"",$J5<>""),"Open",""))) -> Open | O5: =IF($B5="","",IF($M5="Closed",IF($N5="","",$N5-$B5),TODAY()-$B5)) -> 6 | P5: =IF(OR($B5="",$L5="",$M5="Closed"),"",IF(TODAY()>$L5,"YES","NO")) -> NO | Q5: =Weekly_Inspections!$AW5 -> 0
A6: =IF(Weekly_Inspections!$B6="","",Weekly_Inspections!$A6&"-A1") -> 20260330-Cluster4-01-A1 | B6: =Weekly_Inspections!$B6 -> 46111 | C6: =Weekly_Inspections!$E6 -> 3 | D6: =Weekly_Inspections!$F6 -> Cluster 4 | E6: =Weekly_Inspections!$H6 -> INNOVO | F6: =IF(Weekly_Inspections!$AX6<>"",Weekly_Inspections!$AX6,IF(Weekly_Inspections!$AY6<>"",Weekly_Inspections!$AY6,IF(Weekly_Inspections!$AZ6<>"",Weekly_Inspections!$AZ6,IF(Weekly_Inspections!$BA6<>"",Weekly_Inspections!$BA6,IF(Weekly_Inspections!$BB6<>"",Weekly_Inspections!$BB6,Weekly_Inspections!$R6))))) -> Edge Protection | G6: =IF(OR(Weekly_Inspections!$AQ6<>"",Weekly_Inspections!$AR6<>"",Weekly_Inspections!$AS6<>""),Weekly_Inspections!$AQ6,"") -> 0 | H6: =Weekly_Inspections!$AP6 -> Poor supervision | I6: =Weekly_Inspections!$AR6 -> sretybhy | J6: =Weekly_Inspections!$AS6 -> hfidjdgkjdfkdfgb | K6: =Weekly_Inspections!$AU6 -> 0 | L6: =Weekly_Inspections!$AV6 -> 46112 | M6: =IF($B6="","",IF($N6<>"","Closed",IF(OR($G6<>"",$I6<>"",$J6<>""),"Open",""))) -> Open | O6: =IF($B6="","",IF($M6="Closed",IF($N6="","",$N6-$B6),TODAY()-$B6)) -> 2 | P6: =IF(OR($B6="",$L6="",$M6="Closed"),"",IF(TODAY()>$L6,"YES","NO")) -> YES | Q6: =Weekly_Inspections!$AW6 -> 0
A7: =IF(Weekly_Inspections!$B7="","",Weekly_Inspections!$A7&"-A1") -> 20260331-Cluster1A-01-A1 | B7: =Weekly_Inspections!$B7 -> 46112 | C7: =Weekly_Inspections!$E7 -> 3 | D7: =Weekly_Inspections!$F7 -> Cluster 1A | E7: =Weekly_Inspections!$H7 -> TAJV | F7: =IF(Weekly_Inspections!$AX7<>"",Weekly_Inspections!$AX7,IF(Weekly_Inspections!$AY7<>"",Weekly_Inspections!$AY7,IF(Weekly_Inspections!$AZ7<>"",Weekly_Inspections!$AZ7,IF(Weekly_Inspections!$BA7<>"",Weekly_Inspections!$BA7,IF(Weekly_Inspections!$BB7<>"",Weekly_Inspections!$BB7,Weekly_Inspections!$R7))))) -> Edge Protection | G7: =IF(OR(Weekly_Inspections!$AQ7<>"",Weekly_Inspections!$AR7<>"",Weekly_Inspections!$AS7<>""),Weekly_Inspections!$AQ7,"") -> 0 | H7: =Weekly_Inspections!$AP7 -> Poor supervision | I7: =Weekly_Inspections!$AR7 -> sretybhy | J7: =Weekly_Inspections!$AS7 -> hfidjdgkjdfkdfgb | K7: =Weekly_Inspections!$AU7 -> 0 | L7: =Weekly_Inspections!$AV7 -> 46112 | M7: =IF($B7="","",IF($N7<>"","Closed",IF(OR($G7<>"",$I7<>"",$J7<>""),"Open",""))) -> Open | O7: =IF($B7="","",IF($M7="Closed",IF($N7="","",$N7-$B7),TODAY()-$B7)) -> 1 | P7: =IF(OR($B7="",$L7="",$M7="Closed"),"",IF(TODAY()>$L7,"YES","NO")) -> YES | Q7: =Weekly_Inspections!$AW7 -> 0
A8: =IF(Weekly_Inspections!$B8="","",Weekly_Inspections!$A8&"-A1") -> 20260331-Cluster1B-01-A1 | B8: =Weekly_Inspections!$B8 -> 46112 | C8: =Weekly_Inspections!$E8 -> 3 | D8: =Weekly_Inspections!$F8 -> Cluster 1B | E8: =Weekly_Inspections!$H8 -> TAJV | F8: =IF(Weekly_Inspections!$AX8<>"",Weekly_Inspections!$AX8,IF(Weekly_Inspections!$AY8<>"",Weekly_Inspections!$AY8,IF(Weekly_Inspections!$AZ8<>"",Weekly_Inspections!$AZ8,IF(Weekly_Inspections!$BA8<>"",Weekly_Inspections!$BA8,IF(Weekly_Inspections!$BB8<>"",Weekly_Inspections!$BB8,Weekly_Inspections!$R8))))) -> Edge Protection | G8: =IF(OR(Weekly_Inspections!$AQ8<>"",Weekly_Inspections!$AR8<>"",Weekly_Inspections!$AS8<>""),Weekly_Inspections!$AQ8,"") -> 0 | H8: =Weekly_Inspections!$AP8 -> Poor supervision | I8: =Weekly_Inspections!$AR8 -> sretybhy | J8: =Weekly_Inspections!$AS8 -> hfidjdgkjdfkdfgb | K8: =Weekly_Inspections!$AU8 -> 0 | L8: =Weekly_Inspections!$AV8 -> 46112 | M8: =IF($B8="","",IF($N8<>"","Closed",IF(OR($G8<>"",$I8<>"",$J8<>""),"Open",""))) -> Open | O8: =IF($B8="","",IF($M8="Closed",IF($N8="","",$N8-$B8),TODAY()-$B8)) -> 1 | P8: =IF(OR($B8="",$L8="",$M8="Closed"),"",IF(TODAY()>$L8,"YES","NO")) -> YES | Q8: =Weekly_Inspections!$AW8 -> 0
A9: =IF(Weekly_Inspections!$B9="","",Weekly_Inspections!$A9&"-A1") -> 20260331-Cluster6-01-A1 | B9: =Weekly_Inspections!$B9 -> 46112 | C9: =Weekly_Inspections!$E9 -> 3 | D9: =Weekly_Inspections!$F9 -> Cluster 6 | E9: =Weekly_Inspections!$H9 -> INNOVO | F9: =IF(Weekly_Inspections!$AX9<>"",Weekly_Inspections!$AX9,IF(Weekly_Inspections!$AY9<>"",Weekly_Inspections!$AY9,IF(Weekly_Inspections!$AZ9<>"",Weekly_Inspections!$AZ9,IF(Weekly_Inspections!$BA9<>"",Weekly_Inspections!$BA9,IF(Weekly_Inspections!$BB9<>"",Weekly_Inspections!$BB9,Weekly_Inspections!$R9))))) -> Edge Protection | G9: =IF(OR(Weekly_Inspections!$AQ9<>"",Weekly_Inspections!$AR9<>"",Weekly_Inspections!$AS9<>""),Weekly_Inspections!$AQ9,"") -> 0 | H9: =Weekly_Inspections!$AP9 -> Poor supervision | I9: =Weekly_Inspections!$AR9 -> sretybhy | J9: =Weekly_Inspections!$AS9 -> hfidjdgkjdfkdfgb | K9: =Weekly_Inspections!$AU9 -> 0 | L9: =Weekly_Inspections!$AV9 -> 46112 | M9: =IF($B9="","",IF($N9<>"","Closed",IF(OR($G9<>"",$I9<>"",$J9<>""),"Open",""))) -> Open | O9: =IF($B9="","",IF($M9="Closed",IF($N9="","",$N9-$B9),TODAY()-$B9)) -> 1 | P9: =IF(OR($B9="",$L9="",$M9="Closed"),"",IF(TODAY()>$L9,"YES","NO")) -> YES | Q9: =Weekly_Inspections!$AW9 -> 0
A10: =IF(Weekly_Inspections!$B10="","",Weekly_Inspections!$A10&"-A1") | B10: =Weekly_Inspections!$B10 -> 0 | C10: =Weekly_Inspections!$E10 -> 0 | D10: =Weekly_Inspections!$F10 -> 0 | E10: =Weekly_Inspections!$H10 | F10: =IF(Weekly_Inspections!$AX10<>"",Weekly_Inspections!$AX10,IF(Weekly_Inspections!$AY10<>"",Weekly_Inspections!$AY10,IF(Weekly_Inspections!$AZ10<>"",Weekly_Inspections!$AZ10,IF(Weekly_Inspections!$BA10<>"",Weekly_Inspections!$BA10,IF(Weekly_Inspections!$BB10<>"",Weekly_Inspections!$BB10,Weekly_Inspections!$R10))))) -> 0 | G10: =IF(OR(Weekly_Inspections!$AQ10<>"",Weekly_Inspections!$AR10<>"",Weekly_Inspections!$AS10<>""),Weekly_Inspections!$AQ10,"") | H10: =Weekly_Inspections!$AP10 -> 0 | I10: =Weekly_Inspections!$AR10 -> 0 | J10: =Weekly_Inspections!$AS10 -> 0 | K10: =Weekly_Inspections!$AU10 -> 0 | L10: =Weekly_Inspections!$AV10 -> 0 | M10: =IF($B10="","",IF($N10<>"","Closed",IF(OR($G10<>"",$I10<>"",$J10<>""),"Open",""))) -> Open | O10: =IF($B10="","",IF($M10="Closed",IF($N10="","",$N10-$B10),TODAY()-$B10)) -> 46113 | P10: =IF(OR($B10="",$L10="",$M10="Closed"),"",IF(TODAY()>$L10,"YES","NO")) -> YES | Q10: =Weekly_Inspections!$AW10 -> 0
A11: =IF(Weekly_Inspections!$B11="","",Weekly_Inspections!$A11&"-A1") | B11: =Weekly_Inspections!$B11 -> 0 | C11: =Weekly_Inspections!$E11 -> 0 | D11: =Weekly_Inspections!$F11 -> 0 | E11: =Weekly_Inspections!$H11 | F11: =IF(Weekly_Inspections!$AX11<>"",Weekly_Inspections!$AX11,IF(Weekly_Inspections!$AY11<>"",Weekly_Inspections!$AY11,IF(Weekly_Inspections!$AZ11<>"",Weekly_Inspections!$AZ11,IF(Weekly_Inspections!$BA11<>"",Weekly_Inspections!$BA11,IF(Weekly_Inspections!$BB11<>"",Weekly_Inspections!$BB11,Weekly_Inspections!$R11))))) -> 0 | G11: =IF(OR(Weekly_Inspections!$AQ11<>"",Weekly_Inspections!$AR11<>"",Weekly_Inspections!$AS11<>""),Weekly_Inspections!$AQ11,"") | H11: =Weekly_Inspections!$AP11 -> 0 | I11: =Weekly_Inspections!$AR11 -> 0 | J11: =Weekly_Inspections!$AS11 -> 0 | K11: =Weekly_Inspections!$AU11 -> 0 | L11: =Weekly_Inspections!$AV11 -> 0 | M11: =IF($B11="","",IF($N11<>"","Closed",IF(OR($G11<>"",$I11<>"",$J11<>""),"Open",""))) -> Open | O11: =IF($B11="","",IF($M11="Closed",IF($N11="","",$N11-$B11),TODAY()-$B11)) -> 46113 | P11: =IF(OR($B11="",$L11="",$M11="Closed"),"",IF(TODAY()>$L11,"YES","NO")) -> YES | Q11: =Weekly_Inspections!$AW11 -> 0
A12: =IF(Weekly_Inspections!$B12="","",Weekly_Inspections!$A12&"-A1") | B12: =Weekly_Inspections!$B12 -> 0 | C12: =Weekly_Inspections!$E12 -> 0 | D12: =Weekly_Inspections!$F12 -> 0 | E12: =Weekly_Inspections!$H12 | F12: =IF(Weekly_Inspections!$AX12<>"",Weekly_Inspections!$AX12,IF(Weekly_Inspections!$AY12<>"",Weekly_Inspections!$AY12,IF(Weekly_Inspections!$AZ12<>"",Weekly_Inspections!$AZ12,IF(Weekly_Inspections!$BA12<>"",Weekly_Inspections!$BA12,IF(Weekly_Inspections!$BB12<>"",Weekly_Inspections!$BB12,Weekly_Inspections!$R12))))) -> 0 | G12: =IF(OR(Weekly_Inspections!$AQ12<>"",Weekly_Inspections!$AR12<>"",Weekly_Inspections!$AS12<>""),Weekly_Inspections!$AQ12,"") | H12: =Weekly_Inspections!$AP12 -> 0 | I12: =Weekly_Inspections!$AR12 -> 0 | J12: =Weekly_Inspections!$AS12 -> 0 | K12: =Weekly_Inspections!$AU12 -> 0 | L12: =Weekly_Inspections!$AV12 -> 0 | M12: =IF($B12="","",IF($N12<>"","Closed",IF(OR($G12<>"",$I12<>"",$J12<>""),"Open",""))) -> Open | O12: =IF($B12="","",IF($M12="Closed",IF($N12="","",$N12-$B12),TODAY()-$B12)) -> 46113 | P12: =IF(OR($B12="",$L12="",$M12="Closed"),"",IF(TODAY()>$L12,"YES","NO")) -> YES | Q12: =Weekly_Inspections!$AW12 -> 0
A13: =IF(Weekly_Inspections!$B13="","",Weekly_Inspections!$A13&"-A1") | B13: =Weekly_Inspections!$B13 -> 0 | C13: =Weekly_Inspections!$E13 -> 0 | D13: =Weekly_Inspections!$F13 -> 0 | E13: =Weekly_Inspections!$H13 | F13: =IF(Weekly_Inspections!$AX13<>"",Weekly_Inspections!$AX13,IF(Weekly_Inspections!$AY13<>"",Weekly_Inspections!$AY13,IF(Weekly_Inspections!$AZ13<>"",Weekly_Inspections!$AZ13,IF(Weekly_Inspections!$BA13<>"",Weekly_Inspections!$BA13,IF(Weekly_Inspections!$BB13<>"",Weekly_Inspections!$BB13,Weekly_Inspections!$R13))))) -> 0 | G13: =IF(OR(Weekly_Inspections!$AQ13<>"",Weekly_Inspections!$AR13<>"",Weekly_Inspections!$AS13<>""),Weekly_Inspections!$AQ13,"") | H13: =Weekly_Inspections!$AP13 -> 0 | I13: =Weekly_Inspections!$AR13 -> 0 | J13: =Weekly_Inspections!$AS13 -> 0 | K13: =Weekly_Inspections!$AU13 -> 0 | L13: =Weekly_Inspections!$AV13 -> 0 | M13: =IF($B13="","",IF($N13<>"","Closed",IF(OR($G13<>"",$I13<>"",$J13<>""),"Open",""))) -> Open | O13: =IF($B13="","",IF($M13="Closed",IF($N13="","",$N13-$B13),TODAY()-$B13)) -> 46113 | P13: =IF(OR($B13="",$L13="",$M13="Closed"),"",IF(TODAY()>$L13,"YES","NO")) -> YES | Q13: =Weekly_Inspections!$AW13 -> 0
A14: =IF(Weekly_Inspections!$B14="","",Weekly_Inspections!$A14&"-A1") | B14: =Weekly_Inspections!$B14 -> 0 | C14: =Weekly_Inspections!$E14 -> 0 | D14: =Weekly_Inspections!$F14 -> 0 | E14: =Weekly_Inspections!$H14 | F14: =IF(Weekly_Inspections!$AX14<>"",Weekly_Inspections!$AX14,IF(Weekly_Inspections!$AY14<>"",Weekly_Inspections!$AY14,IF(Weekly_Inspections!$AZ14<>"",Weekly_Inspections!$AZ14,IF(Weekly_Inspections!$BA14<>"",Weekly_Inspections!$BA14,IF(Weekly_Inspections!$BB14<>"",Weekly_Inspections!$BB14,Weekly_Inspections!$R14))))) -> 0 | G14: =IF(OR(Weekly_Inspections!$AQ14<>"",Weekly_Inspections!$AR14<>"",Weekly_Inspections!$AS14<>""),Weekly_Inspections!$AQ14,"") | H14: =Weekly_Inspections!$AP14 -> 0 | I14: =Weekly_Inspections!$AR14 -> 0 | J14: =Weekly_Inspections!$AS14 -> 0 | K14: =Weekly_Inspections!$AU14 -> 0 | L14: =Weekly_Inspections!$AV14 -> 0 | M14: =IF($B14="","",IF($N14<>"","Closed",IF(OR($G14<>"",$I14<>"",$J14<>""),"Open",""))) -> Open | O14: =IF($B14="","",IF($M14="Closed",IF($N14="","",$N14-$B14),TODAY()-$B14)) -> 46113 | P14: =IF(OR($B14="",$L14="",$M14="Closed"),"",IF(TODAY()>$L14,"YES","NO")) -> YES | Q14: =Weekly_Inspections!$AW14 -> 0
A15: =IF(Weekly_Inspections!$B15="","",Weekly_Inspections!$A15&"-A1") | B15: =Weekly_Inspections!$B15 -> 0 | C15: =Weekly_Inspections!$E15 -> 0 | D15: =Weekly_Inspections!$F15 -> 0 | E15: =Weekly_Inspections!$H15 | F15: =IF(Weekly_Inspections!$AX15<>"",Weekly_Inspections!$AX15,IF(Weekly_Inspections!$AY15<>"",Weekly_Inspections!$AY15,IF(Weekly_Inspections!$AZ15<>"",Weekly_Inspections!$AZ15,IF(Weekly_Inspections!$BA15<>"",Weekly_Inspections!$BA15,IF(Weekly_Inspections!$BB15<>"",Weekly_Inspections!$BB15,Weekly_Inspections!$R15))))) -> 0 | G15: =IF(OR(Weekly_Inspections!$AQ15<>"",Weekly_Inspections!$AR15<>"",Weekly_Inspections!$AS15<>""),Weekly_Inspections!$AQ15,"") | H15: =Weekly_Inspections!$AP15 -> 0 | I15: =Weekly_Inspections!$AR15 -> 0 | J15: =Weekly_Inspections!$AS15 -> 0 | K15: =Weekly_Inspections!$AU15 -> 0 | L15: =Weekly_Inspections!$AV15 -> 0 | M15: =IF($B15="","",IF($N15<>"","Closed",IF(OR($G15<>"",$I15<>"",$J15<>""),"Open",""))) -> Open | O15: =IF($B15="","",IF($M15="Closed",IF($N15="","",$N15-$B15),TODAY()-$B15)) -> 46113 | P15: =IF(OR($B15="",$L15="",$M15="Closed"),"",IF(TODAY()>$L15,"YES","NO")) -> YES | Q15: =Weekly_Inspections!$AW15 -> 0
... A996: =IF(Weekly_Inspections!$B996="","",Weekly_Inspections!$A996&"-A1") | B996: =Weekly_Inspections!$B996 -> 0 | C996: =Weekly_Inspections!$E996 -> 0 | D996: =Weekly_Inspections!$F996 -> 0 | E996: =Weekly_Inspections!$H996 | F996: =IF(Weekly_Inspections!$AX996<>"",Weekly_Inspections!$AX996,IF(Weekly_Inspections!$AY996<>"",Weekly_Inspections!$AY996,IF(Weekly_Inspections!$AZ996<>"",Weekly_Inspections!$AZ996,IF(Weekly_Inspections!$BA996<>"",Weekly_Inspections!$BA996,IF(Weekly_Inspections!$BB996<>"",Weekly_Inspections!$BB996,Weekly_Inspections!$R996))))) -> 0 | G996: =IF(OR(Weekly_Inspections!$AQ996<>"",Weekly_Inspections!$AR996<>"",Weekly_Inspections!$AS996<>""),Weekly_Inspections!$AQ996,"") | H996: =Weekly_Inspections!$AP996 -> 0 | I996: =Weekly_Inspections!$AR996 -> 0 | J996: =Weekly_Inspections!$AS996 -> 0 | K996: =Weekly_Inspections!$AU996 -> 0 | L996: =Weekly_Inspections!$AV996 -> 0 | M996: =IF($B996="","",IF($N996<>"","Closed",IF(OR($G996<>"",$I996<>"",$J996<>""),"Open",""))) -> Open | O996: =IF($B996="","",IF($M996="Closed",IF($N996="","",$N996-$B996),TODAY()-$B996)) -> 46113 | P996: =IF(OR($B996="",$L996="",$M996="Closed"),"",IF(TODAY()>$L996,"YES","NO")) -> YES | Q996: =Weekly_Inspections!$AW996 -> 0

Sheet April
A1: April 2026 | 09:00-11:00 | 3 Simultaneous Site Walk Groups
A2: Monday | B2: Tuesday | C2: Wednesday | D2: Thursday | E2: Friday | F2: Saturday | G2: Attendance / Status
C3: 01 Apr 2026 | D3: 02 Apr 2026 | E3: 03 Apr 2026 | F3: 04 Apr 2026
C4: 09-10 | G1 | Cluster 8A | D4: 09-10 | G1 | Cluster 7A | E4: 09-10 | G1 | Cluster 8C | F4: 09-10 | G1 | Cluster 7B
C5: 09-10 | G2 | Cluster 8B | D5: 09-10 | G2 | Cluster 7B | E5: 09-10 | G2 | Cluster 8D | F5: 09-10 | G2 | Cluster 8A
C6: 09-10 | G3 | Cluster 5 | D6: 09-10 | G3 | Cluster 8A | E6: 09-10 | G3 | Cluster 3 | F6: 09-10 | G3 | Cluster 5
C7: 10-11 | G1 | Cluster 6 | D7: 10-11 | G1 | Cluster 1A | E7: 10-11 | G1 | Cluster 4 | F7: 10-11 | G1 | Cluster 6
C8: 10-11 | G2 | Cluster 2A | D8: 10-11 | G2 | Cluster 1B | E8: 10-11 | G2 | Cluster 2C | F8: 10-11 | G2 | Cluster 1B
C9: 10-11 | G3 | Cluster 2B | D9: 10-11 | G3 | Cluster 2A | E9: 10-11 | G3 | Cluster 1A | F9: 10-11 | G3 | Cluster 2A
G10: Cluster CM Attended
G11: Cluster Engineers + Supervision team attended
G12: Cluster HSE Attended
A14: 06 Apr 2026 | B14: 07 Apr 2026 | C14: 08 Apr 2026 | D14: 09 Apr 2026 | E14: 10 Apr 2026 | F14: 11 Apr 2026
A15: 09-10 | G1 | Cluster 7A | B15: 09-10 | G1 | Cluster 3 | C15: 09-10 | G1 | Cluster 8B | D15: 09-10 | G1 | Cluster 7B | E15: 09-10 | G1 | Cluster 8D | F15: 09-10 | G1 | Cluster 8A
A16: 09-10 | G2 | Cluster 7B | B16: 09-10 | G2 | Cluster 4 | C16: 09-10 | G2 | Cluster 8C | D16: 09-10 | G2 | Cluster 8A | E16: 09-10 | G2 | Cluster 7A | F16: 09-10 | G2 | Cluster 8B
A17: 09-10 | G3 | Cluster 3 | B17: 09-10 | G3 | Cluster 5 | C17: 09-10 | G3 | Cluster 6 | D17: 09-10 | G3 | Cluster 8B | E17: 09-10 | G3 | Cluster 4 | F17: 09-10 | G3 | Cluster 6
A18: 10-11 | G1 | Cluster 4 | B18: 10-11 | G1 | Cluster 6 | C18: 10-11 | G1 | Cluster 3 | D18: 10-11 | G1 | Cluster 1B | E18: 10-11 | G1 | Cluster 5 | F18: 10-11 | G1 | Cluster 3
A19: 10-11 | G2 | Cluster 1A | B19: 10-11 | G2 | Cluster 3 | C19: 10-11 | G2 | Cluster 2B | D19: 10-11 | G2 | Cluster 2A | E19: 10-11 | G2 | Cluster 1A | F19: 10-11 | G2 | Cluster 2A
A20: 10-11 | G3 | Cluster 1B | B20: 10-11 | G3 | Cluster 4 | C20: 10-11 | G3 | Cluster 2C | D20: 10-11 | G3 | Cluster 2B | E20: 10-11 | G3 | Cluster 1B | F20: 10-11 | G3 | Cluster 2B
G21: Cluster CM Attended
G22: Cluster Engineers + Supervision team attended
G23: Cluster HSE Attended
A25: 13 Apr 2026 | B25: 14 Apr 2026 | C25: 15 Apr 2026 | D25: 16 Apr 2026 | E25: 17 Apr 2026 | F25: 18 Apr 2026
A26: 09-10 | G1 | Cluster 7B | B26: 09-10 | G1 | Cluster 4 | C26: 09-10 | G1 | Cluster 8C | D26: 09-10 | G1 | Cluster 8A | E26: 09-10 | G1 | Cluster 7A | F26: 09-10 | G1 | Cluster 8B
A27: 09-10 | G2 | Cluster 8A | B27: 09-10 | G2 | Cluster 5 | C27: 09-10 | G2 | Cluster 8D | D27: 09-10 | G2 | Cluster 8B | E27: 09-10 | G2 | Cluster 7B | F27: 09-10 | G2 | Cluster 8C
A28: 09-10 | G3 | Cluster 4 | B28: 09-10 | G3 | Cluster 6 | C28: 09-10 | G3 | Cluster 3 | D28: 09-10 | G3 | Cluster 8C | E28: 09-10 | G3 | Cluster 5 | F28: 09-10 | G3 | Cluster 3
A29: 10-11 | G1 | Cluster 5 | B29: 10-11 | G1 | Cluster 3 | C29: 10-11 | G1 | Cluster 4 | D29: 10-11 | G1 | Cluster 2A | E29: 10-11 | G1 | Cluster 6 | F29: 10-11 | G1 | Cluster 4
A30: 10-11 | G2 | Cluster 1B | B30: 10-11 | G2 | Cluster 4 | C30: 10-11 | G2 | Cluster 2C | D30: 10-11 | G2 | Cluster 2B | E30: 10-11 | G2 | Cluster 1B | F30: 10-11 | G2 | Cluster 2B
A31: 10-11 | G3 | Cluster 2A | B31: 10-11 | G3 | Cluster 5 | C31: 10-11 | G3 | Cluster 1A | D31: 10-11 | G3 | Cluster 2C | E31: 10-11 | G3 | Cluster 2A | F31: 10-11 | G3 | Cluster 2C
G32: Cluster CM Attended
G33: Cluster Engineers + Supervision team attended
G34: Cluster HSE Attended
A36: 20 Apr 2026 | B36: 21 Apr 2026 | C36: 22 Apr 2026 | D36: 23 Apr 2026 | E36: 24 Apr 2026 | F36: 25 Apr 2026
A37: 09-10 | G1 | Cluster 8A | B37: 09-10 | G1 | Cluster 5 | C37: 09-10 | G1 | Cluster 8D | D37: 09-10 | G1 | Cluster 8B | E37: 09-10 | G1 | Cluster 7B | F37: 09-10 | G1 | Cluster 8C
A38: 09-10 | G2 | Cluster 8B | B38: 09-10 | G2 | Cluster 6 | C38: 09-10 | G2 | Cluster 7A | D38: 09-10 | G2 | Cluster 8C | E38: 09-10 | G2 | Cluster 8A | F38: 09-10 | G2 | Cluster 8D
A39: 09-10 | G3 | Cluster 5 | B39: 09-10 | G3 | Cluster 3 | C39: 09-10 | G3 | Cluster 4 | D39: 09-10 | G3 | Cluster 8D | E39: 09-10 | G3 | Cluster 6 | F39: 09-10 | G3 | Cluster 4
A40: 10-11 | G1 | Cluster 6 | B40: 10-11 | G1 | Cluster 4 | C40: 10-11 | G1 | Cluster 5 | D40: 10-11 | G1 | Cluster 2B | E40: 10-11 | G1 | Cluster 3 | F40: 10-11 | G1 | Cluster 5
A41: 10-11 | G2 | Cluster 2A | B41: 10-11 | G2 | Cluster 5 | C41: 10-11 | G2 | Cluster 1A | D41: 10-11 | G2 | Cluster 2C | E41: 10-11 | G2 | Cluster 2A | F41: 10-11 | G2 | Cluster 2C
A42: 10-11 | G3 | Cluster 2B | B42: 10-11 | G3 | Cluster 6 | C42: 10-11 | G3 | Cluster 1B | D42: 10-11 | G3 | Cluster 1A | E42: 10-11 | G3 | Cluster 2B | F42: 10-11 | G3 | Cluster 1A
G43: Cluster CM Attended
G44: Cluster Engineers + Supervision team attended
G45: Cluster HSE Attended
A47: 27 Apr 2026 | B47: 28 Apr 2026 | C47: 29 Apr 2026 | D47: 30 Apr 2026
A48: 09-10 | G1 | Cluster 8B | B48: 09-10 | G1 | Cluster 6 | C48: 09-10 | G1 | Cluster 7A | D48: 09-10 | G1 | Cluster 8C
A49: 09-10 | G2 | Cluster 8C | B49: 09-10 | G2 | Cluster 3 | C49: 09-10 | G2 | Cluster 7B | D49: 09-10 | G2 | Cluster 8D
A50: 09-10 | G3 | Cluster 6 | B50: 09-10 | G3 | Cluster 4 | C50: 09-10 | G3 | Cluster 5 | D50: 09-10 | G3 | Cluster 7A
A51: 10-11 | G1 | Cluster 3 | B51: 10-11 | G1 | Cluster 5 | C51: 10-11 | G1 | Cluster 6 | D51: 10-11 | G1 | Cluster 2C
A52: 10-11 | G2 | Cluster 2B | B52: 10-11 | G2 | Cluster 6 | C52: 10-11 | G2 | Cluster 1B | D52: 10-11 | G2 | Cluster 1A
A53: 10-11 | G3 | Cluster 2C | B53: 10-11 | G3 | Cluster 3 | C53: 10-11 | G3 | Cluster 2A | D53: 10-11 | G3 | Cluster 1B
G54: Cluster CM Attended
G55: Cluster Engineers + Supervision team attended
G56: Cluster HSE Attended
A59: Tuesday = Package 3 only | Thursday = Package 2 & 4 only | Other days = mixed packages

Sheet May
A1: May 2026 | 09:00-11:00 | 3 Simultaneous Site Walk Groups
A2: Monday | B2: Tuesday | C2: Wednesday | D2: Thursday | E2: Friday | F2: Saturday | G2: Attendance / Status
E3: 01 May 2026 | F3: 02 May 2026
E4: 09-10 | G1 | Cluster 8A | F4: 09-10 | G1 | Cluster 8D
E5: 09-10 | G2 | Cluster 8B | F5: 09-10 | G2 | Cluster 7A
E6: 09-10 | G3 | Cluster 3 | F6: 09-10 | G3 | Cluster 5
E7: 10-11 | G1 | Cluster 4 | F7: 10-11 | G1 | Cluster 6
E8: 10-11 | G2 | Cluster 2B | F8: 10-11 | G2 | Cluster 1A
E9: 10-11 | G3 | Cluster 2C | F9: 10-11 | G3 | Cluster 1B
G10: Cluster CM Attended
G11: Cluster Engineers + Supervision team attended
G12: Cluster HSE Attended
A14: 04 May 2026 | B14: 05 May 2026 | C14: 06 May 2026 | D14: 07 May 2026 | E14: 08 May 2026 | F14: 09 May 2026
A15: 09-10 | G1 | Cluster 8C | B15: 09-10 | G1 | Cluster 3 | C15: 09-10 | G1 | Cluster 7B | D15: 09-10 | G1 | Cluster 8D | E15: 09-10 | G1 | Cluster 8B | F15: 09-10 | G1 | Cluster 7A
A16: 09-10 | G2 | Cluster 8D | B16: 09-10 | G2 | Cluster 4 | C16: 09-10 | G2 | Cluster 8A | D16: 09-10 | G2 | Cluster 7A | E16: 09-10 | G2 | Cluster 8C | F16: 09-10 | G2 | Cluster 7B
A17: 09-10 | G3 | Cluster 3 | B17: 09-10 | G3 | Cluster 5 | C17: 09-10 | G3 | Cluster 6 | D17: 09-10 | G3 | Cluster 7B | E17: 09-10 | G3 | Cluster 4 | F17: 09-10 | G3 | Cluster 6
A18: 10-11 | G1 | Cluster 4 | B18: 10-11 | G1 | Cluster 6 | C18: 10-11 | G1 | Cluster 3 | D18: 10-11 | G1 | Cluster 1A | E18: 10-11 | G1 | Cluster 5 | F18: 10-11 | G1 | Cluster 3
A19: 10-11 | G2 | Cluster 2C | B19: 10-11 | G2 | Cluster 3 | C19: 10-11 | G2 | Cluster 2A | D19: 10-11 | G2 | Cluster 1B | E19: 10-11 | G2 | Cluster 2C | F19: 10-11 | G2 | Cluster 1B
A20: 10-11 | G3 | Cluster 1A | B20: 10-11 | G3 | Cluster 4 | C20: 10-11 | G3 | Cluster 2B | D20: 10-11 | G3 | Cluster 2A | E20: 10-11 | G3 | Cluster 1A | F20: 10-11 | G3 | Cluster 2A
G21: Cluster CM Attended
G22: Cluster Engineers + Supervision team attended
G23: Cluster HSE Attended
A25: 11 May 2026 | B25: 12 May 2026 | C25: 13 May 2026 | D25: 14 May 2026 | E25: 15 May 2026 | F25: 16 May 2026
A26: 09-10 | G1 | Cluster 8D | B26: 09-10 | G1 | Cluster 4 | C26: 09-10 | G1 | Cluster 8A | D26: 09-10 | G1 | Cluster 7A | E26: 09-10 | G1 | Cluster 8C | F26: 09-10 | G1 | Cluster 7B
A27: 09-10 | G2 | Cluster 7A | B27: 09-10 | G2 | Cluster 5 | C27: 09-10 | G2 | Cluster 8B | D27: 09-10 | G2 | Cluster 7B | E27: 09-10 | G2 | Cluster 8D | F27: 09-10 | G2 | Cluster 8A
A28: 09-10 | G3 | Cluster 4 | B28: 09-10 | G3 | Cluster 6 | C28: 09-10 | G3 | Cluster 3 | D28: 09-10 | G3 | Cluster 8A | E28: 09-10 | G3 | Cluster 5 | F28: 09-10 | G3 | Cluster 3
A29: 10-11 | G1 | Cluster 5 | B29: 10-11 | G1 | Cluster 3 | C29: 10-11 | G1 | Cluster 4 | D29: 10-11 | G1 | Cluster 1B | E29: 10-11 | G1 | Cluster 6 | F29: 10-11 | G1 | Cluster 4
A30: 10-11 | G2 | Cluster 1A | B30: 10-11 | G2 | Cluster 4 | C30: 10-11 | G2 | Cluster 2B | D30: 10-11 | G2 | Cluster 2A | E30: 10-11 | G2 | Cluster 1A | F30: 10-11 | G2 | Cluster 2A
A31: 10-11 | G3 | Cluster 1B | B31: 10-11 | G3 | Cluster 5 | C31: 10-11 | G3 | Cluster 2C | D31: 10-11 | G3 | Cluster 2B | E31: 10-11 | G3 | Cluster 1B | F31: 10-11 | G3 | Cluster 2B
G32: Cluster CM Attended
G33: Cluster Engineers + Supervision team attended
G34: Cluster HSE Attended
A36: 18 May 2026 | B36: 19 May 2026 | C36: 20 May 2026 | D36: 21 May 2026 | E36: 22 May 2026 | F36: 23 May 2026
A37: 09-10 | G1 | Cluster 7A | B37: 09-10 | G1 | Cluster 5 | C37: 09-10 | G1 | Cluster 8B | D37: 09-10 | G1 | Cluster 7B | E37: 09-10 | G1 | Cluster 8D | F37: 09-10 | G1 | Cluster 8A
A38: 09-10 | G2 | Cluster 7B | B38: 09-10 | G2 | Cluster 6 | C38: 09-10 | G2 | Cluster 8C | D38: 09-10 | G2 | Cluster 8A | E38: 09-10 | G2 | Cluster 7A | F38: 09-10 | G2 | Cluster 8B
A39: 09-10 | G3 | Cluster 5 | B39: 09-10 | G3 | Cluster 3 | C39: 09-10 | G3 | Cluster 4 | D39: 09-10 | G3 | Cluster 8B | E39: 09-10 | G3 | Cluster 6 | F39: 09-10 | G3 | Cluster 4
A40: 10-11 | G1 | Cluster 6 | B40: 10-11 | G1 | Cluster 4 | C40: 10-11 | G1 | Cluster 5 | D40: 10-11 | G1 | Cluster 2A | E40: 10-11 | G1 | Cluster 3 | F40: 10-11 | G1 | Cluster 5
A41: 10-11 | G2 | Cluster 1B | B41: 10-11 | G2 | Cluster 5 | C41: 10-11 | G2 | Cluster 2C | D41: 10-11 | G2 | Cluster 2B | E41: 10-11 | G2 | Cluster 1B | F41: 10-11 | G2 | Cluster 2B
A42: 10-11 | G3 | Cluster 2A | B42: 10-11 | G3 | Cluster 6 | C42: 10-11 | G3 | Cluster 1A | D42: 10-11 | G3 | Cluster 2C | E42: 10-11 | G3 | Cluster 2A | F42: 10-11 | G3 | Cluster 2C
G43: Cluster CM Attended
G44: Cluster Engineers + Supervision team attended
G45: Cluster HSE Attended
A47: 25 May 2026 | B47: 26 May 2026 | C47: 27 May 2026 | D47: 28 May 2026 | E47: 29 May 2026 | F47: 30 May 2026
A48: 09-10 | G1 | Cluster 7B | B48: 09-10 | G1 | Cluster 6 | C48: 09-10 | G1 | Cluster 8C | D48: 09-10 | G1 | Cluster 8A | E48: 09-10 | G1 | Cluster 7A | F48: 09-10 | G1 | Cluster 8B
A49: 09-10 | G2 | Cluster 8A | B49: 09-10 | G2 | Cluster 3 | C49: 09-10 | G2 | Cluster 8D | D49: 09-10 | G2 | Cluster 8B | E49: 09-10 | G2 | Cluster 7B | F49: 09-10 | G2 | Cluster 8C
A50: 09-10 | G3 | Cluster 6 | B50: 09-10 | G3 | Cluster 4 | C50: 09-10 | G3 | Cluster 5 | D50: 09-10 | G3 | Cluster 8C | E50: 09-10 | G3 | Cluster 3 | F50: 09-10 | G3 | Cluster 5
A51: 10-11 | G1 | Cluster 3 | B51: 10-11 | G1 | Cluster 5 | C51: 10-11 | G1 | Cluster 6 | D51: 10-11 | G1 | Cluster 2B | E51: 10-11 | G1 | Cluster 4 | F51: 10-11 | G1 | Cluster 6
A52: 10-11 | G2 | Cluster 2A | B52: 10-11 | G2 | Cluster 6 | C52: 10-11 | G2 | Cluster 1A | D52: 10-11 | G2 | Cluster 2C | E52: 10-11 | G2 | Cluster 2A | F52: 10-11 | G2 | Cluster 2C
A53: 10-11 | G3 | Cluster 2B | B53: 10-11 | G3 | Cluster 3 | C53: 10-11 | G3 | Cluster 1B | D53: 10-11 | G3 | Cluster 1A | E53: 10-11 | G3 | Cluster 2B | F53: 10-11 | G3 | Cluster 1A
G54: Cluster CM Attended
G55: Cluster Engineers + Supervision team attended
G56: Cluster HSE Attended
A59: Tuesday = Package 3 only | Thursday = Package 2 & 4 only | Other days = mixed packages

Sheet June
A1: June 2026 | 09:00-11:00 | 3 Simultaneous Site Walk Groups
A2: Monday | B2: Tuesday | C2: Wednesday | D2: Thursday | E2: Friday | F2: Saturday | G2: Attendance / Status
A3: 01 Jun 2026 | B3: 02 Jun 2026 | C3: 03 Jun 2026 | D3: 04 Jun 2026 | E3: 05 Jun 2026 | F3: 06 Jun 2026
A4: 09-10 | G1 | Cluster 8A | B4: 09-10 | G1 | Cluster 3 | C4: 09-10 | G1 | Cluster 8D | D4: 09-10 | G1 | Cluster 8B | E4: 09-10 | G1 | Cluster 7B | F4: 09-10 | G1 | Cluster 8C
A5: 09-10 | G2 | Cluster 8B | B5: 09-10 | G2 | Cluster 4 | C5: 09-10 | G2 | Cluster 7A | D5: 09-10 | G2 | Cluster 8C | E5: 09-10 | G2 | Cluster 8A | F5: 09-10 | G2 | Cluster 8D
A6: 09-10 | G3 | Cluster 3 | B6: 09-10 | G3 | Cluster 5 | C6: 09-10 | G3 | Cluster 6 | D6: 09-10 | G3 | Cluster 8D | E6: 09-10 | G3 | Cluster 4 | F6: 09-10 | G3 | Cluster 6
A7: 10-11 | G1 | Cluster 4 | B7: 10-11 | G1 | Cluster 6 | C7: 10-11 | G1 | Cluster 3 | D7: 10-11 | G1 | Cluster 2C | E7: 10-11 | G1 | Cluster 5 | F7: 10-11 | G1 | Cluster 3
A8: 10-11 | G2 | Cluster 2B | B8: 10-11 | G2 | Cluster 3 | C8: 10-11 | G2 | Cluster 1B | D8: 10-11 | G2 | Cluster 1A | E8: 10-11 | G2 | Cluster 2B | F8: 10-11 | G2 | Cluster 1A
A9: 10-11 | G3 | Cluster 2C | B9: 10-11 | G3 | Cluster 4 | C9: 10-11 | G3 | Cluster 2A | D9: 10-11 | G3 | Cluster 1B | E9: 10-11 | G3 | Cluster 2C | F9: 10-11 | G3 | Cluster 1B
G10: Cluster CM Attended
G11: Cluster Engineers + Supervision team attended
G12: Cluster HSE Attended
A14: 08 Jun 2026 | B14: 09 Jun 2026 | C14: 10 Jun 2026 | D14: 11 Jun 2026 | E14: 12 Jun 2026 | F14: 13 Jun 2026
A15: 09-10 | G1 | Cluster 8B | B15: 09-10 | G1 | Cluster 4 | C15: 09-10 | G1 | Cluster 7A | D15: 09-10 | G1 | Cluster 8C | E15: 09-10 | G1 | Cluster 8A | F15: 09-10 | G1 | Cluster 8D
A16: 09-10 | G2 | Cluster 8C | B16: 09-10 | G2 | Cluster 5 | C16: 09-10 | G2 | Cluster 7B | D16: 09-10 | G2 | Cluster 8D | E16: 09-10 | G2 | Cluster 8B | F16: 09-10 | G2 | Cluster 7A
A17: 09-10 | G3 | Cluster 4 | B17: 09-10 | G3 | Cluster 6 | C17: 09-10 | G3 | Cluster 3 | D17: 09-10 | G3 | Cluster 7A | E17: 09-10 | G3 | Cluster 5 | F17: 09-10 | G3 | Cluster 3
A18: 10-11 | G1 | Cluster 5 | B18: 10-11 | G1 | Cluster 3 | C18: 10-11 | G1 | Cluster 4 | D18: 10-11 | G1 | Cluster 1A | E18: 10-11 | G1 | Cluster 6 | F18: 10-11 | G1 | Cluster 4
A19: 10-11 | G2 | Cluster 2C | B19: 10-11 | G2 | Cluster 4 | C19: 10-11 | G2 | Cluster 2A | D19: 10-11 | G2 | Cluster 1B | E19: 10-11 | G2 | Cluster 2C | F19: 10-11 | G2 | Cluster 1B
A20: 10-11 | G3 | Cluster 1A | B20: 10-11 | G3 | Cluster 5 | C20: 10-11 | G3 | Cluster 2B | D20: 10-11 | G3 | Cluster 2A | E20: 10-11 | G3 | Cluster 1A | F20: 10-11 | G3 | Cluster 2A
G21: Cluster CM Attended
G22: Cluster Engineers + Supervision team attended
G23: Cluster HSE Attended
A25: 15 Jun 2026 | B25: 16 Jun 2026 | C25: 17 Jun 2026 | D25: 18 Jun 2026 | E25: 19 Jun 2026 | F25: 20 Jun 2026
A26: 09-10 | G1 | Cluster 8C | B26: 09-10 | G1 | Cluster 5 | C26: 09-10 | G1 | Cluster 7B | D26: 09-10 | G1 | Cluster 8D | E26: 09-10 | G1 | Cluster 8B | F26: 09-10 | G1 | Cluster 7A
A27: 09-10 | G2 | Cluster 8D | B27: 09-10 | G2 | Cluster 6 | C27: 09-10 | G2 | Cluster 8A | D27: 09-10 | G2 | Cluster 7A | E27: 09-10 | G2 | Cluster 8C | F27: 09-10 | G2 | Cluster 7B
A28: 09-10 | G3 | Cluster 5 | B28: 09-10 | G3 | Cluster 3 | C28: 09-10 | G3 | Cluster 4 | D28: 09-10 | G3 | Cluster 7B | E28: 09-10 | G3 | Cluster 6 | F28: 09-10 | G3 | Cluster 4
A29: 10-11 | G1 | Cluster 6 | B29: 10-11 | G1 | Cluster 4 | C29: 10-11 | G1 | Cluster 5 | D29: 10-11 | G1 | Cluster 1B | E29: 10-11 | G1 | Cluster 3 | F29: 10-11 | G1 | Cluster 5
A30: 10-11 | G2 | Cluster 1A | B30: 10-11 | G2 | Cluster 5 | C30: 10-11 | G2 | Cluster 2B | D30: 10-11 | G2 | Cluster 2A | E30: 10-11 | G2 | Cluster 1A | F30: 10-11 | G2 | Cluster 2A
A31: 10-11 | G3 | Cluster 1B | B31: 10-11 | G3 | Cluster 6 | C31: 10-11 | G3 | Cluster 2C | D31: 10-11 | G3 | Cluster 2B | E31: 10-11 | G3 | Cluster 1B | F31: 10-11 | G3 | Cluster 2B
G32: Cluster CM Attended
G33: Cluster Engineers + Supervision team attended
G34: Cluster HSE Attended
A36: 22 Jun 2026 | B36: 23 Jun 2026 | C36: 24 Jun 2026 | D36: 25 Jun 2026 | E36: 26 Jun 2026 | F36: 27 Jun 2026
A37: 09-10 | G1 | Cluster 8D | B37: 09-10 | G1 | Cluster 6 | C37: 09-10 | G1 | Cluster 8A | D37: 09-10 | G1 | Cluster 7A | E37: 09-10 | G1 | Cluster 8C | F37: 09-10 | G1 | Cluster 7B
A38: 09-10 | G2 | Cluster 7A | B38: 09-10 | G2 | Cluster 3 | C38: 09-10 | G2 | Cluster 8B | D38: 09-10 | G2 | Cluster 7B | E38: 09-10 | G2 | Cluster 8D | F38: 09-10 | G2 | Cluster 8A
A39: 09-10 | G3 | Cluster 6 | B39: 09-10 | G3 | Cluster 4 | C39: 09-10 | G3 | Cluster 5 | D39: 09-10 | G3 | Cluster 8A | E39: 09-10 | G3 | Cluster 3 | F39: 09-10 | G3 | Cluster 5
A40: 10-11 | G1 | Cluster 3 | B40: 10-11 | G1 | Cluster 5 | C40: 10-11 | G1 | Cluster 6 | D40: 10-11 | G1 | Cluster 2A | E40: 10-11 | G1 | Cluster 4 | F40: 10-11 | G1 | Cluster 6
A41: 10-11 | G2 | Cluster 1B | B41: 10-11 | G2 | Cluster 6 | C41: 10-11 | G2 | Cluster 2C | D41: 10-11 | G2 | Cluster 2B | E41: 10-11 | G2 | Cluster 1B | F41: 10-11 | G2 | Cluster 2B
A42: 10-11 | G3 | Cluster 2A | B42: 10-11 | G3 | Cluster 3 | C42: 10-11 | G3 | Cluster 1A | D42: 10-11 | G3 | Cluster 2C | E42: 10-11 | G3 | Cluster 2A | F42: 10-11 | G3 | Cluster 2C
G43: Cluster CM Attended
G44: Cluster Engineers + Supervision team attended
G45: Cluster HSE Attended
A47: 29 Jun 2026 | B47: 30 Jun 2026
A48: 09-10 | G1 | Cluster 7A | B48: 09-10 | G1 | Cluster 3
A49: 09-10 | G2 | Cluster 7B | B49: 09-10 | G2 | Cluster 4
A50: 09-10 | G3 | Cluster 3 | B50: 09-10 | G3 | Cluster 5
A51: 10-11 | G1 | Cluster 4 | B51: 10-11 | G1 | Cluster 6
A52: 10-11 | G2 | Cluster 2A | B52: 10-11 | G2 | Cluster 3
A53: 10-11 | G3 | Cluster 2B | B53: 10-11 | G3 | Cluster 4
G54: Cluster CM Attended
G55: Cluster Engineers + Supervision team attended
G56: Cluster HSE Attended
A59: Tuesday = Package 3 only | Thursday = Package 2 & 4 only | Other days = mixed packages

Sheet KPI Scoring
A1: Weekly Inspection Entry Sheet - Google Form Ready
A2: Complete only visible fields. Use the 0-5 dropdown for each KPI. Package and Cluster auto-fill contractor leadership and the dashboard updates automatically.
A3: Inspection_ID | B3: Inspection_Date | C3: Week_No | D3: Month | E3: Package | F3: Cluster | G3: Package_Cluster_Check | H3: Contractor | I3: Project Director (PD) | J3: Project Manager (PM) | K3: Construction Manager (CM) | L3: HSE Manager (HSEM) | M3: Section Engineer (SE) | N3: Your_Name | O3: Your_Role | P3: Area_or_Villa | Q3: Workers_Observed | R3: Main_High_Risk_Activity | S3: Stop_Work | T3: Work_at_Height | U3: Edge_Protection | V3: Falling_Object_Prevention | W3: Excavation_Safety | X3: Scaffolding_Compliance | Y3: PTW_Implementation | Z3: PTW_Field_Verification | AA3: MSRA_Quality | AB3: Lifting_Operations | AC3: Traffic_Interface | AD3: Housekeeping_Standard | AE3: Waste_Management | AF3: Fire_Readiness | AG3: Supervision_Subcontractor | AH3: Electrical_Tool_Safety | AI3: Total_Score | AJ3: Raw_Score_% | AK3: Weighted_Score_% | AL3: Critical_Red_Flag | AM3: Award_Eligible | AN3: Rating_Band | AO3: Repeat_Issue_Seen | AP3: Likely_Root_Cause | AQ3: Top_3_Gaps_Observed | AR3: Preventive_Action_Required | AS3: Positive_Observations | AT3: KPI_for_PD_Attention | AU3: KPI_for_PM_Attention | AV3: KPI_for_CM_Attention | AW3: KPI_for_HSEM_Followup | AX3: KPI_for_SE_Supervision | AY3: Leadership_Visible_Effective | AZ3: Unsafe_Work_Corrected_Immediately | BA3: Best_Improved_Cluster_this_Week | BB3: Cluster_Needing_Immediate_Intervention
A4: =IF($B4="","",TEXT($B4,"yyyymmdd")&"-"&SUBSTITUTE($F4," ","")&"-"&TEXT(COUNTIF($F$4:F4,$F4),"00")) | C4: =IF($B4="","",WEEKNUM($B4,2)) | D4: =IF($B4="","",TEXT($B4,"yyyy-mm")) | G4: =IF(OR($E4="",$F4=""),"",IFERROR(IF($E4=INDEX([1]Cluster_Master!$A$4:$A$18,MATCH($F4,[1]Cluster_Master!$B$4:$B$18,0)),"OK","CHECK"),"CHECK")) | H4: =IFERROR(INDEX([1]Cluster_Master!$C$4:$C$18,MATCH($F4,[1]Cluster_Master!$B$4:$B$18,0)),"") | I4: =IFERROR(INDEX([1]Cluster_Master!$D$4:$D$18,MATCH($F4,[1]Cluster_Master!$B$4:$B$18,0)),"") | J4: =IFERROR(INDEX([1]Cluster_Master!$E$4:$E$18,MATCH($F4,[1]Cluster_Master!$B$4:$B$18,0)),"") | K4: =IFERROR(INDEX([1]Cluster_Master!$F$4:$F$18,MATCH($F4,[1]Cluster_Master!$B$4:$B$18,0)),"") | L4: =IFERROR(INDEX([1]Cluster_Master!$G$4:$G$18,MATCH($F4,[1]Cluster_Master!$B$4:$B$18,0)),"") | M4: =IFERROR(INDEX([1]Cluster_Master!$H$4:$H$18,MATCH($F4,[1]Cluster_Master!$B$4:$B$18,0)),"") | AI4: =IF(COUNTA(T4:AH4)=0,"",SUM(T4:AH4)) | AJ4: =IF(COUNTA(T4:AH4)=0,"",AI4/75) | AK4: =IF(COUNTA(T4:AH4)=0,"",(SUM(T4*[1]KPI_Weights!$B$4,U4*[1]KPI_Weights!$B$5,V4*[1]KPI_Weights!$B$6,W4*[1]KPI_Weights!$B$7,X4*[1]KPI_Weights!$B$8,Y4*[1]KPI_Weights!$B$9,Z4*[1]KPI_Weights!$B$10,AA4*[1]KPI_Weights!$B$11,AB4*[1]KPI_Weights!$B$12,AC4*[1]KPI_Weights!$B$13,AD4*[1]KPI_Weights!$B$14,AE4*[1]KPI_Weights!$B$15,AF4*[1]KPI_Weights!$B$16,AG4*[1]KPI_Weights!$B$17,AH4*[1]KPI_Weights!$B$18))/5) | AL4: =IF(COUNTA(T4:AH4)=0,"",IF(OR(T4<=1,W4<=1,X4<=1,Y4<=1,AB4<=1),"YES","NO")) | AM4: =IF(AJ4="","",IF(AND(AL4="NO",AJ4>=0.75),"YES","NO")) | AN4: =IF(AJ4="","",IF(AJ4<0.4,"Critical",IF(AJ4<0.6,"Poor",IF(AJ4<0.75,"Needs Improvement",IF(AJ4<0.9,"Good","Excellent")))))
A5: =IF($B5="","",TEXT($B5,"yyyymmdd")&"-"&SUBSTITUTE($F5," ","")&"-"&TEXT(COUNTIF($F$4:F5,$F5),"00")) | C5: =IF($B5="","",WEEKNUM($B5,2)) | D5: =IF($B5="","",TEXT($B5,"yyyy-mm")) | G5: =IF(OR($E5="",$F5=""),"",IFERROR(IF($E5=INDEX([1]Cluster_Master!$A$4:$A$18,MATCH($F5,[1]Cluster_Master!$B$4:$B$18,0)),"OK","CHECK"),"CHECK")) | H5: =IFERROR(INDEX([1]Cluster_Master!$C$4:$C$18,MATCH($F5,[1]Cluster_Master!$B$4:$B$18,0)),"") | I5: =IFERROR(INDEX([1]Cluster_Master!$D$4:$D$18,MATCH($F5,[1]Cluster_Master!$B$4:$B$18,0)),"") | J5: =IFERROR(INDEX([1]Cluster_Master!$E$4:$E$18,MATCH($F5,[1]Cluster_Master!$B$4:$B$18,0)),"") | K5: =IFERROR(INDEX([1]Cluster_Master!$F$4:$F$18,MATCH($F5,[1]Cluster_Master!$B$4:$B$18,0)),"") | L5: =IFERROR(INDEX([1]Cluster_Master!$G$4:$G$18,MATCH($F5,[1]Cluster_Master!$B$4:$B$18,0)),"") | M5: =IFERROR(INDEX([1]Cluster_Master!$H$4:$H$18,MATCH($F5,[1]Cluster_Master!$B$4:$B$18,0)),"") | AI5: =IF(COUNTA(T5:AH5)=0,"",SUM(T5:AH5)) | AJ5: =IF(COUNTA(T5:AH5)=0,"",AI5/75) | AK5: =IF(COUNTA(T5:AH5)=0,"",(SUM(T5*[1]KPI_Weights!$B$4,U5*[1]KPI_Weights!$B$5,V5*[1]KPI_Weights!$B$6,W5*[1]KPI_Weights!$B$7,X5*[1]KPI_Weights!$B$8,Y5*[1]KPI_Weights!$B$9,Z5*[1]KPI_Weights!$B$10,AA5*[1]KPI_Weights!$B$11,AB5*[1]KPI_Weights!$B$12,AC5*[1]KPI_Weights!$B$13,AD5*[1]KPI_Weights!$B$14,AE5*[1]KPI_Weights!$B$15,AF5*[1]KPI_Weights!$B$16,AG5*[1]KPI_Weights!$B$17,AH5*[1]KPI_Weights!$B$18))/5) | AL5: =IF(COUNTA(T5:AH5)=0,"",IF(OR(T5<=1,W5<=1,X5<=1,Y5<=1,AB5<=1),"YES","NO")) | AM5: =IF(AJ5="","",IF(AND(AL5="NO",AJ5>=0.75),"YES","NO")) | AN5: =IF(AJ5="","",IF(AJ5<0.4,"Critical",IF(AJ5<0.6,"Poor",IF(AJ5<0.75,"Needs Improvement",IF(AJ5<0.9,"Good","Excellent")))))
A6: =IF($B6="","",TEXT($B6,"yyyymmdd")&"-"&SUBSTITUTE($F6," ","")&"-"&TEXT(COUNTIF($F$4:F6,$F6),"00")) | C6: =IF($B6="","",WEEKNUM($B6,2)) | D6: =IF($B6="","",TEXT($B6,"yyyy-mm")) | G6: =IF(OR($E6="",$F6=""),"",IFERROR(IF($E6=INDEX([1]Cluster_Master!$A$4:$A$18,MATCH($F6,[1]Cluster_Master!$B$4:$B$18,0)),"OK","CHECK"),"CHECK")) | H6: =IFERROR(INDEX([1]Cluster_Master!$C$4:$C$18,MATCH($F6,[1]Cluster_Master!$B$4:$B$18,0)),"") | I6: =IFERROR(INDEX([1]Cluster_Master!$D$4:$D$18,MATCH($F6,[1]Cluster_Master!$B$4:$B$18,0)),"") | J6: =IFERROR(INDEX([1]Cluster_Master!$E$4:$E$18,MATCH($F6,[1]Cluster_Master!$B$4:$B$18,0)),"") | K6: =IFERROR(INDEX([1]Cluster_Master!$F$4:$F$18,MATCH($F6,[1]Cluster_Master!$B$4:$B$18,0)),"") | L6: =IFERROR(INDEX([1]Cluster_Master!$G$4:$G$18,MATCH($F6,[1]Cluster_Master!$B$4:$B$18,0)),"") | M6: =IFERROR(INDEX([1]Cluster_Master!$H$4:$H$18,MATCH($F6,[1]Cluster_Master!$B$4:$B$18,0)),"") | AI6: =IF(COUNTA(T6:AH6)=0,"",SUM(T6:AH6)) | AJ6: =IF(COUNTA(T6:AH6)=0,"",AI6/75) | AK6: =IF(COUNTA(T6:AH6)=0,"",(SUM(T6*[1]KPI_Weights!$B$4,U6*[1]KPI_Weights!$B$5,V6*[1]KPI_Weights!$B$6,W6*[1]KPI_Weights!$B$7,X6*[1]KPI_Weights!$B$8,Y6*[1]KPI_Weights!$B$9,Z6*[1]KPI_Weights!$B$10,AA6*[1]KPI_Weights!$B$11,AB6*[1]KPI_Weights!$B$12,AC6*[1]KPI_Weights!$B$13,AD6*[1]KPI_Weights!$B$14,AE6*[1]KPI_Weights!$B$15,AF6*[1]KPI_Weights!$B$16,AG6*[1]KPI_Weights!$B$17,AH6*[1]KPI_Weights!$B$18))/5) | AL6: =IF(COUNTA(T6:AH6)=0,"",IF(OR(T6<=1,W6<=1,X6<=1,Y6<=1,AB6<=1),"YES","NO")) | AM6: =IF(AJ6="","",IF(AND(AL6="NO",AJ6>=0.75),"YES","NO")) | AN6: =IF(AJ6="","",IF(AJ6<0.4,"Critical",IF(AJ6<0.6,"Poor",IF(AJ6<0.75,"Needs Improvement",IF(AJ6<0.9,"Good","Excellent")))))
A7: =IF($B7="","",TEXT($B7,"yyyymmdd")&"-"&SUBSTITUTE($F7," ","")&"-"&TEXT(COUNTIF($F$4:F7,$F7),"00")) | C7: =IF($B7="","",WEEKNUM($B7,2)) | D7: =IF($B7="","",TEXT($B7,"yyyy-mm")) | G7: =IF(OR($E7="",$F7=""),"",IFERROR(IF($E7=INDEX([1]Cluster_Master!$A$4:$A$18,MATCH($F7,[1]Cluster_Master!$B$4:$B$18,0)),"OK","CHECK"),"CHECK")) | H7: =IFERROR(INDEX([1]Cluster_Master!$C$4:$C$18,MATCH($F7,[1]Cluster_Master!$B$4:$B$18,0)),"") | I7: =IFERROR(INDEX([1]Cluster_Master!$D$4:$D$18,MATCH($F7,[1]Cluster_Master!$B$4:$B$18,0)),"") | J7: =IFERROR(INDEX([1]Cluster_Master!$E$4:$E$18,MATCH($F7,[1]Cluster_Master!$B$4:$B$18,0)),"") | K7: =IFERROR(INDEX([1]Cluster_Master!$F$4:$F$18,MATCH($F7,[1]Cluster_Master!$B$4:$B$18,0)),"") | L7: =IFERROR(INDEX([1]Cluster_Master!$G$4:$G$18,MATCH($F7,[1]Cluster_Master!$B$4:$B$18,0)),"") | M7: =IFERROR(INDEX([1]Cluster_Master!$H$4:$H$18,MATCH($F7,[1]Cluster_Master!$B$4:$B$18,0)),"") | AI7: =IF(COUNTA(T7:AH7)=0,"",SUM(T7:AH7)) | AJ7: =IF(COUNTA(T7:AH7)=0,"",AI7/75) | AK7: =IF(COUNTA(T7:AH7)=0,"",(SUM(T7*[1]KPI_Weights!$B$4,U7*[1]KPI_Weights!$B$5,V7*[1]KPI_Weights!$B$6,W7*[1]KPI_Weights!$B$7,X7*[1]KPI_Weights!$B$8,Y7*[1]KPI_Weights!$B$9,Z7*[1]KPI_Weights!$B$10,AA7*[1]KPI_Weights!$B$11,AB7*[1]KPI_Weights!$B$12,AC7*[1]KPI_Weights!$B$13,AD7*[1]KPI_Weights!$B$14,AE7*[1]KPI_Weights!$B$15,AF7*[1]KPI_Weights!$B$16,AG7*[1]KPI_Weights!$B$17,AH7*[1]KPI_Weights!$B$18))/5) | AL7: =IF(COUNTA(T7:AH7)=0,"",IF(OR(T7<=1,W7<=1,X7<=1,Y7<=1,AB7<=1),"YES","NO")) | AM7: =IF(AJ7="","",IF(AND(AL7="NO",AJ7>=0.75),"YES","NO")) | AN7: =IF(AJ7="","",IF(AJ7<0.4,"Critical",IF(AJ7<0.6,"Poor",IF(AJ7<0.75,"Needs Improvement",IF(AJ7<0.9,"Good","Excellent")))))
A8: =IF($B8="","",TEXT($B8,"yyyymmdd")&"-"&SUBSTITUTE($F8," ","")&"-"&TEXT(COUNTIF($F$4:F8,$F8),"00")) | C8: =IF($B8="","",WEEKNUM($B8,2)) | D8: =IF($B8="","",TEXT($B8,"yyyy-mm")) | G8: =IF(OR($E8="",$F8=""),"",IFERROR(IF($E8=INDEX([1]Cluster_Master!$A$4:$A$18,MATCH($F8,[1]Cluster_Master!$B$4:$B$18,0)),"OK","CHECK"),"CHECK")) | H8: =IFERROR(INDEX([1]Cluster_Master!$C$4:$C$18,MATCH($F8,[1]Cluster_Master!$B$4:$B$18,0)),"") | I8: =IFERROR(INDEX([1]Cluster_Master!$D$4:$D$18,MATCH($F8,[1]Cluster_Master!$B$4:$B$18,0)),"") | J8: =IFERROR(INDEX([1]Cluster_Master!$E$4:$E$18,MATCH($F8,[1]Cluster_Master!$B$4:$B$18,0)),"") | K8: =IFERROR(INDEX([1]Cluster_Master!$F$4:$F$18,MATCH($F8,[1]Cluster_Master!$B$4:$B$18,0)),"") | L8: =IFERROR(INDEX([1]Cluster_Master!$G$4:$G$18,MATCH($F8,[1]Cluster_Master!$B$4:$B$18,0)),"") | M8: =IFERROR(INDEX([1]Cluster_Master!$H$4:$H$18,MATCH($F8,[1]Cluster_Master!$B$4:$B$18,0)),"") | AI8: =IF(COUNTA(T8:AH8)=0,"",SUM(T8:AH8)) | AJ8: =IF(COUNTA(T8:AH8)=0,"",AI8/75) | AK8: =IF(COUNTA(T8:AH8)=0,"",(SUM(T8*[1]KPI_Weights!$B$4,U8*[1]KPI_Weights!$B$5,V8*[1]KPI_Weights!$B$6,W8*[1]KPI_Weights!$B$7,X8*[1]KPI_Weights!$B$8,Y8*[1]KPI_Weights!$B$9,Z8*[1]KPI_Weights!$B$10,AA8*[1]KPI_Weights!$B$11,AB8*[1]KPI_Weights!$B$12,AC8*[1]KPI_Weights!$B$13,AD8*[1]KPI_Weights!$B$14,AE8*[1]KPI_Weights!$B$15,AF8*[1]KPI_Weights!$B$16,AG8*[1]KPI_Weights!$B$17,AH8*[1]KPI_Weights!$B$18))/5) | AL8: =IF(COUNTA(T8:AH8)=0,"",IF(OR(T8<=1,W8<=1,X8<=1,Y8<=1,AB8<=1),"YES","NO")) | AM8: =IF(AJ8="","",IF(AND(AL8="NO",AJ8>=0.75),"YES","NO")) | AN8: =IF(AJ8="","",IF(AJ8<0.4,"Critical",IF(AJ8<0.6,"Poor",IF(AJ8<0.75,"Needs Improvement",IF(AJ8<0.9,"Good","Excellent")))))
A9: =IF($B9="","",TEXT($B9,"yyyymmdd")&"-"&SUBSTITUTE($F9," ","")&"-"&TEXT(COUNTIF($F$4:F9,$F9),"00")) | C9: =IF($B9="","",WEEKNUM($B9,2)) | D9: =IF($B9="","",TEXT($B9,"yyyy-mm")) | G9: =IF(OR($E9="",$F9=""),"",IFERROR(IF($E9=INDEX([1]Cluster_Master!$A$4:$A$18,MATCH($F9,[1]Cluster_Master!$B$4:$B$18,0)),"OK","CHECK"),"CHECK")) | H9: =IFERROR(INDEX([1]Cluster_Master!$C$4:$C$18,MATCH($F9,[1]Cluster_Master!$B$4:$B$18,0)),"") | I9: =IFERROR(INDEX([1]Cluster_Master!$D$4:$D$18,MATCH($F9,[1]Cluster_Master!$B$4:$B$18,0)),"") | J9: =IFERROR(INDEX([1]Cluster_Master!$E$4:$E$18,MATCH($F9,[1]Cluster_Master!$B$4:$B$18,0)),"") | K9: =IFERROR(INDEX([1]Cluster_Master!$F$4:$F$18,MATCH($F9,[1]Cluster_Master!$B$4:$B$18,0)),"") | L9: =IFERROR(INDEX([1]Cluster_Master!$G$4:$G$18,MATCH($F9,[1]Cluster_Master!$B$4:$B$18,0)),"") | M9: =IFERROR(INDEX([1]Cluster_Master!$H$4:$H$18,MATCH($F9,[1]Cluster_Master!$B$4:$B$18,0)),"") | AI9: =IF(COUNTA(T9:AH9)=0,"",SUM(T9:AH9)) | AJ9: =IF(COUNTA(T9:AH9)=0,"",AI9/75) | AK9: =IF(COUNTA(T9:AH9)=0,"",(SUM(T9*[1]KPI_Weights!$B$4,U9*[1]KPI_Weights!$B$5,V9*[1]KPI_Weights!$B$6,W9*[1]KPI_Weights!$B$7,X9*[1]KPI_Weights!$B$8,Y9*[1]KPI_Weights!$B$9,Z9*[1]KPI_Weights!$B$10,AA9*[1]KPI_Weights!$B$11,AB9*[1]KPI_Weights!$B$12,AC9*[1]KPI_Weights!$B$13,AD9*[1]KPI_Weights!$B$14,AE9*[1]KPI_Weights!$B$15,AF9*[1]KPI_Weights!$B$16,AG9*[1]KPI_Weights!$B$17,AH9*[1]KPI_Weights!$B$18))/5) | AL9: =IF(COUNTA(T9:AH9)=0,"",IF(OR(T9<=1,W9<=1,X9<=1,Y9<=1,AB9<=1),"YES","NO")) | AM9: =IF(AJ9="","",IF(AND(AL9="NO",AJ9>=0.75),"YES","NO")) | AN9: =IF(AJ9="","",IF(AJ9<0.4,"Critical",IF(AJ9<0.6,"Poor",IF(AJ9<0.75,"Needs Improvement",IF(AJ9<0.9,"Good","Excellent")))))
A10: =IF($B10="","",TEXT($B10,"yyyymmdd")&"-"&SUBSTITUTE($F10," ","")&"-"&TEXT(COUNTIF($F$4:F10,$F10),"00")) | C10: =IF($B10="","",WEEKNUM($B10,2)) | D10: =IF($B10="","",TEXT($B10,"yyyy-mm")) | G10: =IF(OR($E10="",$F10=""),"",IFERROR(IF($E10=INDEX([1]Cluster_Master!$A$4:$A$18,MATCH($F10,[1]Cluster_Master!$B$4:$B$18,0)),"OK","CHECK"),"CHECK")) | H10: =IFERROR(INDEX([1]Cluster_Master!$C$4:$C$18,MATCH($F10,[1]Cluster_Master!$B$4:$B$18,0)),"") | I10: =IFERROR(INDEX([1]Cluster_Master!$D$4:$D$18,MATCH($F10,[1]Cluster_Master!$B$4:$B$18,0)),"") | J10: =IFERROR(INDEX([1]Cluster_Master!$E$4:$E$18,MATCH($F10,[1]Cluster_Master!$B$4:$B$18,0)),"") | K10: =IFERROR(INDEX([1]Cluster_Master!$F$4:$F$18,MATCH($F10,[1]Cluster_Master!$B$4:$B$18,0)),"") | L10: =IFERROR(INDEX([1]Cluster_Master!$G$4:$G$18,MATCH($F10,[1]Cluster_Master!$B$4:$B$18,0)),"") | M10: =IFERROR(INDEX([1]Cluster_Master!$H$4:$H$18,MATCH($F10,[1]Cluster_Master!$B$4:$B$18,0)),"") | AI10: =IF(COUNTA(T10:AH10)=0,"",SUM(T10:AH10)) | AJ10: =IF(COUNTA(T10:AH10)=0,"",AI10/75) | AK10: =IF(COUNTA(T10:AH10)=0,"",(SUM(T10*[1]KPI_Weights!$B$4,U10*[1]KPI_Weights!$B$5,V10*[1]KPI_Weights!$B$6,W10*[1]KPI_Weights!$B$7,X10*[1]KPI_Weights!$B$8,Y10*[1]KPI_Weights!$B$9,Z10*[1]KPI_Weights!$B$10,AA10*[1]KPI_Weights!$B$11,AB10*[1]KPI_Weights!$B$12,AC10*[1]KPI_Weights!$B$13,AD10*[1]KPI_Weights!$B$14,AE10*[1]KPI_Weights!$B$15,AF10*[1]KPI_Weights!$B$16,AG10*[1]KPI_Weights!$B$17,AH10*[1]KPI_Weights!$B$18))/5) | AL10: =IF(COUNTA(T10:AH10)=0,"",IF(OR(T10<=1,W10<=1,X10<=1,Y10<=1,AB10<=1),"YES","NO")) | AM10: =IF(AJ10="","",IF(AND(AL10="NO",AJ10>=0.75),"YES","NO")) | AN10: =IF(AJ10="","",IF(AJ10<0.4,"Critical",IF(AJ10<0.6,"Poor",IF(AJ10<0.75,"Needs Improvement",IF(AJ10<0.9,"Good","Excellent")))))
A11: =IF($B11="","",TEXT($B11,"yyyymmdd")&"-"&SUBSTITUTE($F11," ","")&"-"&TEXT(COUNTIF($F$4:F11,$F11),"00")) | C11: =IF($B11="","",WEEKNUM($B11,2)) | D11: =IF($B11="","",TEXT($B11,"yyyy-mm")) | G11: =IF(OR($E11="",$F11=""),"",IFERROR(IF($E11=INDEX([1]Cluster_Master!$A$4:$A$18,MATCH($F11,[1]Cluster_Master!$B$4:$B$18,0)),"OK","CHECK"),"CHECK")) | H11: =IFERROR(INDEX([1]Cluster_Master!$C$4:$C$18,MATCH($F11,[1]Cluster_Master!$B$4:$B$18,0)),"") | I11: =IFERROR(INDEX([1]Cluster_Master!$D$4:$D$18,MATCH($F11,[1]Cluster_Master!$B$4:$B$18,0)),"") | J11: =IFERROR(INDEX([1]Cluster_Master!$E$4:$E$18,MATCH($F11,[1]Cluster_Master!$B$4:$B$18,0)),"") | K11: =IFERROR(INDEX([1]Cluster_Master!$F$4:$F$18,MATCH($F11,[1]Cluster_Master!$B$4:$B$18,0)),"") | L11: =IFERROR(INDEX([1]Cluster_Master!$G$4:$G$18,MATCH($F11,[1]Cluster_Master!$B$4:$B$18,0)),"") | M11: =IFERROR(INDEX([1]Cluster_Master!$H$4:$H$18,MATCH($F11,[1]Cluster_Master!$B$4:$B$18,0)),"") | AI11: =IF(COUNTA(T11:AH11)=0,"",SUM(T11:AH11)) | AJ11: =IF(COUNTA(T11:AH11)=0,"",AI11/75) | AK11: =IF(COUNTA(T11:AH11)=0,"",(SUM(T11*[1]KPI_Weights!$B$4,U11*[1]KPI_Weights!$B$5,V11*[1]KPI_Weights!$B$6,W11*[1]KPI_Weights!$B$7,X11*[1]KPI_Weights!$B$8,Y11*[1]KPI_Weights!$B$9,Z11*[1]KPI_Weights!$B$10,AA11*[1]KPI_Weights!$B$11,AB11*[1]KPI_Weights!$B$12,AC11*[1]KPI_Weights!$B$13,AD11*[1]KPI_Weights!$B$14,AE11*[1]KPI_Weights!$B$15,AF11*[1]KPI_Weights!$B$16,AG11*[1]KPI_Weights!$B$17,AH11*[1]KPI_Weights!$B$18))/5) | AL11: =IF(COUNTA(T11:AH11)=0,"",IF(OR(T11<=1,W11<=1,X11<=1,Y11<=1,AB11<=1),"YES","NO")) | AM11: =IF(AJ11="","",IF(AND(AL11="NO",AJ11>=0.75),"YES","NO")) | AN11: =IF(AJ11="","",IF(AJ11<0.4,"Critical",IF(AJ11<0.6,"Poor",IF(AJ11<0.75,"Needs Improvement",IF(AJ11<0.9,"Good","Excellent")))))
A12: =IF($B12="","",TEXT($B12,"yyyymmdd")&"-"&SUBSTITUTE($F12," ","")&"-"&TEXT(COUNTIF($F$4:F12,$F12),"00")) | C12: =IF($B12="","",WEEKNUM($B12,2)) | D12: =IF($B12="","",TEXT($B12,"yyyy-mm")) | G12: =IF(OR($E12="",$F12=""),"",IFERROR(IF($E12=INDEX([1]Cluster_Master!$A$4:$A$18,MATCH($F12,[1]Cluster_Master!$B$4:$B$18,0)),"OK","CHECK"),"CHECK")) | H12: =IFERROR(INDEX([1]Cluster_Master!$C$4:$C$18,MATCH($F12,[1]Cluster_Master!$B$4:$B$18,0)),"") | I12: =IFERROR(INDEX([1]Cluster_Master!$D$4:$D$18,MATCH($F12,[1]Cluster_Master!$B$4:$B$18,0)),"") | J12: =IFERROR(INDEX([1]Cluster_Master!$E$4:$E$18,MATCH($F12,[1]Cluster_Master!$B$4:$B$18,0)),"") | K12: =IFERROR(INDEX([1]Cluster_Master!$F$4:$F$18,MATCH($F12,[1]Cluster_Master!$B$4:$B$18,0)),"") | L12: =IFERROR(INDEX([1]Cluster_Master!$G$4:$G$18,MATCH($F12,[1]Cluster_Master!$B$4:$B$18,0)),"") | M12: =IFERROR(INDEX([1]Cluster_Master!$H$4:$H$18,MATCH($F12,[1]Cluster_Master!$B$4:$B$18,0)),"") | AI12: =IF(COUNTA(T12:AH12)=0,"",SUM(T12:AH12)) | AJ12: =IF(COUNTA(T12:AH12)=0,"",AI12/75) | AK12: =IF(COUNTA(T12:AH12)=0,"",(SUM(T12*[1]KPI_Weights!$B$4,U12*[1]KPI_Weights!$B$5,V12*[1]KPI_Weights!$B$6,W12*[1]KPI_Weights!$B$7,X12*[1]KPI_Weights!$B$8,Y12*[1]KPI_Weights!$B$9,Z12*[1]KPI_Weights!$B$10,AA12*[1]KPI_Weights!$B$11,AB12*[1]KPI_Weights!$B$12,AC12*[1]KPI_Weights!$B$13,AD12*[1]KPI_Weights!$B$14,AE12*[1]KPI_Weights!$B$15,AF12*[1]KPI_Weights!$B$16,AG12*[1]KPI_Weights!$B$17,AH12*[1]KPI_Weights!$B$18))/5) | AL12: =IF(COUNTA(T12:AH12)=0,"",IF(OR(T12<=1,W12<=1,X12<=1,Y12<=1,AB12<=1),"YES","NO")) | AM12: =IF(AJ12="","",IF(AND(AL12="NO",AJ12>=0.75),"YES","NO")) | AN12: =IF(AJ12="","",IF(AJ12<0.4,"Critical",IF(AJ12<0.6,"Poor",IF(AJ12<0.75,"Needs Improvement",IF(AJ12<0.9,"Good","Excellent")))))
A13: =IF($B13="","",TEXT($B13,"yyyymmdd")&"-"&SUBSTITUTE($F13," ","")&"-"&TEXT(COUNTIF($F$4:F13,$F13),"00")) | C13: =IF($B13="","",WEEKNUM($B13,2)) | D13: =IF($B13="","",TEXT($B13,"yyyy-mm")) | G13: =IF(OR($E13="",$F13=""),"",IFERROR(IF($E13=INDEX([1]Cluster_Master!$A$4:$A$18,MATCH($F13,[1]Cluster_Master!$B$4:$B$18,0)),"OK","CHECK"),"CHECK")) | H13: =IFERROR(INDEX([1]Cluster_Master!$C$4:$C$18,MATCH($F13,[1]Cluster_Master!$B$4:$B$18,0)),"") | I13: =IFERROR(INDEX([1]Cluster_Master!$D$4:$D$18,MATCH($F13,[1]Cluster_Master!$B$4:$B$18,0)),"") | J13: =IFERROR(INDEX([1]Cluster_Master!$E$4:$E$18,MATCH($F13,[1]Cluster_Master!$B$4:$B$18,0)),"") | K13: =IFERROR(INDEX([1]Cluster_Master!$F$4:$F$18,MATCH($F13,[1]Cluster_Master!$B$4:$B$18,0)),"") | L13: =IFERROR(INDEX([1]Cluster_Master!$G$4:$G$18,MATCH($F13,[1]Cluster_Master!$B$4:$B$18,0)),"") | M13: =IFERROR(INDEX([1]Cluster_Master!$H$4:$H$18,MATCH($F13,[1]Cluster_Master!$B$4:$B$18,0)),"") | AI13: =IF(COUNTA(T13:AH13)=0,"",SUM(T13:AH13)) | AJ13: =IF(COUNTA(T13:AH13)=0,"",AI13/75) | AK13: =IF(COUNTA(T13:AH13)=0,"",(SUM(T13*[1]KPI_Weights!$B$4,U13*[1]KPI_Weights!$B$5,V13*[1]KPI_Weights!$B$6,W13*[1]KPI_Weights!$B$7,X13*[1]KPI_Weights!$B$8,Y13*[1]KPI_Weights!$B$9,Z13*[1]KPI_Weights!$B$10,AA13*[1]KPI_Weights!$B$11,AB13*[1]KPI_Weights!$B$12,AC13*[1]KPI_Weights!$B$13,AD13*[1]KPI_Weights!$B$14,AE13*[1]KPI_Weights!$B$15,AF13*[1]KPI_Weights!$B$16,AG13*[1]KPI_Weights!$B$17,AH13*[1]KPI_Weights!$B$18))/5) | AL13: =IF(COUNTA(T13:AH13)=0,"",IF(OR(T13<=1,W13<=1,X13<=1,Y13<=1,AB13<=1),"YES","NO")) | AM13: =IF(AJ13="","",IF(AND(AL13="NO",AJ13>=0.75),"YES","NO")) | AN13: =IF(AJ13="","",IF(AJ13<0.4,"Critical",IF(AJ13<0.6,"Poor",IF(AJ13<0.75,"Needs Improvement",IF(AJ13<0.9,"Good","Excellent")))))
A14: =IF($B14="","",TEXT($B14,"yyyymmdd")&"-"&SUBSTITUTE($F14," ","")&"-"&TEXT(COUNTIF($F$4:F14,$F14),"00")) | C14: =IF($B14="","",WEEKNUM($B14,2)) | D14: =IF($B14="","",TEXT($B14,"yyyy-mm")) | G14: =IF(OR($E14="",$F14=""),"",IFERROR(IF($E14=INDEX([1]Cluster_Master!$A$4:$A$18,MATCH($F14,[1]Cluster_Master!$B$4:$B$18,0)),"OK","CHECK"),"CHECK")) | H14: =IFERROR(INDEX([1]Cluster_Master!$C$4:$C$18,MATCH($F14,[1]Cluster_Master!$B$4:$B$18,0)),"") | I14: =IFERROR(INDEX([1]Cluster_Master!$D$4:$D$18,MATCH($F14,[1]Cluster_Master!$B$4:$B$18,0)),"") | J14: =IFERROR(INDEX([1]Cluster_Master!$E$4:$E$18,MATCH($F14,[1]Cluster_Master!$B$4:$B$18,0)),"") | K14: =IFERROR(INDEX([1]Cluster_Master!$F$4:$F$18,MATCH($F14,[1]Cluster_Master!$B$4:$B$18,0)),"") | L14: =IFERROR(INDEX([1]Cluster_Master!$G$4:$G$18,MATCH($F14,[1]Cluster_Master!$B$4:$B$18,0)),"") | M14: =IFERROR(INDEX([1]Cluster_Master!$H$4:$H$18,MATCH($F14,[1]Cluster_Master!$B$4:$B$18,0)),"") | AI14: =IF(COUNTA(T14:AH14)=0,"",SUM(T14:AH14)) | AJ14: =IF(COUNTA(T14:AH14)=0,"",AI14/75) | AK14: =IF(COUNTA(T14:AH14)=0,"",(SUM(T14*[1]KPI_Weights!$B$4,U14*[1]KPI_Weights!$B$5,V14*[1]KPI_Weights!$B$6,W14*[1]KPI_Weights!$B$7,X14*[1]KPI_Weights!$B$8,Y14*[1]KPI_Weights!$B$9,Z14*[1]KPI_Weights!$B$10,AA14*[1]KPI_Weights!$B$11,AB14*[1]KPI_Weights!$B$12,AC14*[1]KPI_Weights!$B$13,AD14*[1]KPI_Weights!$B$14,AE14*[1]KPI_Weights!$B$15,AF14*[1]KPI_Weights!$B$16,AG14*[1]KPI_Weights!$B$17,AH14*[1]KPI_Weights!$B$18))/5) | AL14: =IF(COUNTA(T14:AH14)=0,"",IF(OR(T14<=1,W14<=1,X14<=1,Y14<=1,AB14<=1),"YES","NO")) | AM14: =IF(AJ14="","",IF(AND(AL14="NO",AJ14>=0.75),"YES","NO")) | AN14: =IF(AJ14="","",IF(AJ14<0.4,"Critical",IF(AJ14<0.6,"Poor",IF(AJ14<0.75,"Needs Improvement",IF(AJ14<0.9,"Good","Excellent")))))
A15: =IF($B15="","",TEXT($B15,"yyyymmdd")&"-"&SUBSTITUTE($F15," ","")&"-"&TEXT(COUNTIF($F$4:F15,$F15),"00")) | C15: =IF($B15="","",WEEKNUM($B15,2)) | D15: =IF($B15="","",TEXT($B15,"yyyy-mm")) | G15: =IF(OR($E15="",$F15=""),"",IFERROR(IF($E15=INDEX([1]Cluster_Master!$A$4:$A$18,MATCH($F15,[1]Cluster_Master!$B$4:$B$18,0)),"OK","CHECK"),"CHECK")) | H15: =IFERROR(INDEX([1]Cluster_Master!$C$4:$C$18,MATCH($F15,[1]Cluster_Master!$B$4:$B$18,0)),"") | I15: =IFERROR(INDEX([1]Cluster_Master!$D$4:$D$18,MATCH($F15,[1]Cluster_Master!$B$4:$B$18,0)),"") | J15: =IFERROR(INDEX([1]Cluster_Master!$E$4:$E$18,MATCH($F15,[1]Cluster_Master!$B$4:$B$18,0)),"") | K15: =IFERROR(INDEX([1]Cluster_Master!$F$4:$F$18,MATCH($F15,[1]Cluster_Master!$B$4:$B$18,0)),"") | L15: =IFERROR(INDEX([1]Cluster_Master!$G$4:$G$18,MATCH($F15,[1]Cluster_Master!$B$4:$B$18,0)),"") | M15: =IFERROR(INDEX([1]Cluster_Master!$H$4:$H$18,MATCH($F15,[1]Cluster_Master!$B$4:$B$18,0)),"") | AI15: =IF(COUNTA(T15:AH15)=0,"",SUM(T15:AH15)) | AJ15: =IF(COUNTA(T15:AH15)=0,"",AI15/75) | AK15: =IF(COUNTA(T15:AH15)=0,"",(SUM(T15*[1]KPI_Weights!$B$4,U15*[1]KPI_Weights!$B$5,V15*[1]KPI_Weights!$B$6,W15*[1]KPI_Weights!$B$7,X15*[1]KPI_Weights!$B$8,Y15*[1]KPI_Weights!$B$9,Z15*[1]KPI_Weights!$B$10,AA15*[1]KPI_Weights!$B$11,AB15*[1]KPI_Weights!$B$12,AC15*[1]KPI_Weights!$B$13,AD15*[1]KPI_Weights!$B$14,AE15*[1]KPI_Weights!$B$15,AF15*[1]KPI_Weights!$B$16,AG15*[1]KPI_Weights!$B$17,AH15*[1]KPI_Weights!$B$18))/5) | AL15: =IF(COUNTA(T15:AH15)=0,"",IF(OR(T15<=1,W15<=1,X15<=1,Y15<=1,AB15<=1),"YES","NO")) | AM15: =IF(AJ15="","",IF(AND(AL15="NO",AJ15>=0.75),"YES","NO")) | AN15: =IF(AJ15="","",IF(AJ15<0.4,"Critical",IF(AJ15<0.6,"Poor",IF(AJ15<0.75,"Needs Improvement",IF(AJ15<0.9,"Good","Excellent")))))
... A996: =IF($B996="","",TEXT($B996,"yyyymmdd")&"-"&SUBSTITUTE($F996," ","")&"-"&TEXT(COUNTIF($F$4:F996,$F996),"00")) | C996: =IF($B996="","",WEEKNUM($B996,2)) | D996: =IF($B996="","",TEXT($B996,"yyyy-mm")) | G996: =IF(OR($E996="",$F996=""),"",IFERROR(IF($E996=INDEX([1]Cluster_Master!$A$4:$A$18,MATCH($F996,[1]Cluster_Master!$B$4:$B$18,0)),"OK","CHECK"),"CHECK")) | H996: =IFERROR(INDEX([1]Cluster_Master!$C$4:$C$18,MATCH($F996,[1]Cluster_Master!$B$4:$B$18,0)),"") | I996: =IFERROR(INDEX([1]Cluster_Master!$D$4:$D$18,MATCH($F996,[1]Cluster_Master!$B$4:$B$18,0)),"") | J996: =IFERROR(INDEX([1]Cluster_Master!$E$4:$E$18,MATCH($F996,[1]Cluster_Master!$B$4:$B$18,0)),"") | K996: =IFERROR(INDEX([1]Cluster_Master!$F$4:$F$18,MATCH($F996,[1]Cluster_Master!$B$4:$B$18,0)),"") | L996: =IFERROR(INDEX([1]Cluster_Master!$G$4:$G$18,MATCH($F996,[1]Cluster_Master!$B$4:$B$18,0)),"") | M996: =IFERROR(INDEX([1]Cluster_Master!$H$4:$H$18,MATCH($F996,[1]Cluster_Master!$B$4:$B$18,0)),"") | AI996: =IF(COUNTA(T996:AH996)=0,"",SUM(T996:AH996)) | AJ996: =IF(COUNTA(T996:AH996)=0,"",AI996/75) | AK996: =IF(COUNTA(T996:AH996)=0,"",(SUM(T996*[1]KPI_Weights!$B$4,U996*[1]KPI_Weights!$B$5,V996*[1]KPI_Weights!$B$6,W996*[1]KPI_Weights!$B$7,X996*[1]KPI_Weights!$B$8,Y996*[1]KPI_Weights!$B$9,Z996*[1]KPI_Weights!$B$10,AA996*[1]KPI_Weights!$B$11,AB996*[1]KPI_Weights!$B$12,AC996*[1]KPI_Weights!$B$13,AD996*[1]KPI_Weights!$B$14,AE996*[1]KPI_Weights!$B$15,AF996*[1]KPI_Weights!$B$16,AG996*[1]KPI_Weights!$B$17,AH996*[1]KPI_Weights!$B$18))/5) | AL996: =IF(COUNTA(T996:AH996)=0,"",IF(OR(T996<=1,W996<=1,X996<=1,Y996<=1,AB996<=1),"YES","NO")) | AM996: =IF(AJ996="","",IF(AND(AL996="NO",AJ996>=0.75),"YES","NO")) | AN996: =IF(AJ996="","",IF(AJ996<0.4,"Critical",IF(AJ996<0.6,"Poor",IF(AJ996<0.75,"Needs Improvement",IF(AJ996<0.9,"Good","Excellent")))))
